pair_id,group_id,anchor,positive,negative,negative_anchor,negative_pair_id,negative_group_id,difficulty,sim_positive,sim_negative,margin,negative_rank,risk_flags
U01828,G01624,escucha atentamente.,lau'ker' musu',lli'ker' uti'lakla,mira cuidadosamente.,U02157,G01937,hard,0.6579791903495789,0.6025146245956421,0.0554645657539367,4,very_close_margin
U00920,G00790,apágalo.,a'tashunker',ek'ker'cher',ábrela.,U01162,G01014,hard,0.7196466326713562,0.6607813835144043,0.0588652491569519,2,very_close_margin
U00990,G00854,¿estás perdido?,¿wer'su' ñapala?,¿inapi ñapala?,¿estás libre?,U00987,G00851,hard,0.7622284293174744,0.6405487656593323,0.121679663658142,2,shared_shiwilu_tokens
U02351,G02126,"mientras muelo voy asando también la yuca, cinco yucas enteras.",peksantapamu nana inkaluner ker'unta' a'ler'apalek alei'teklundan.,ala'sa' kupin uktaksa' iñer nana kaladaper uktakda' sekdunek.,en una sola olla grande se mezcla todo lo de esas tres ollas.,U02380,G02155,medium,0.6394869089126587,0.4799054265022278,0.1595814824104309,8,shared_shiwilu_tokens
U01053,G00913,¡qué pesado!,¡enpu'ni saka'dek'ipa'!,¡enpu'ni aperpipa'!,¡qué horrible!,U01054,G00914,hard,0.717624306678772,0.6645835638046265,0.0530407428741455,3,very_close_margin|shared_shiwilu_tokens
U01053,G00913,¡qué pesado!,¡enpu'ni saka'dek'ipa'!,¡enpu'ni mupenchipa'!,¡qué romántico!,U01055,G00915,medium,0.717624306678772,0.5640270113945007,0.1535972952842712,6,shared_shiwilu_tokens
U02148,G01928,son hermanas.,kaikualusa' nuker'ka,kadu'lusa' nuker'ka,son huevos.,U01206,G01047,hard,0.7843204736709595,0.7180472016334534,0.0662732720375061,3,shared_shiwilu_tokens
U02624,G02399,"él no cría gallinas, no cría huanganas, nada de esos animales.","ñi nana wa'dantek pektawapi'ñi, ñi laman pektawapi'ñi, ñi ma'nen nanadaper.","nanekla ñi a'pinta' yapitetchi'ñina', ñi ananchi'ñina', ñi asu' pankuellinchi'ñina'.","de ahí ya no quisieron hilar, ya no desmotaban el algodón, ya no hacían ovillo.",U02987,G02762,medium,0.7285159230232239,0.5042540431022644,0.2242618799209594,2,shared_shiwilu_tokens
U00201,G00154,estoy herido.,chacha'lek ñapalek,mudinui'su' ñapalek,estoy débil.,U00216,G00168,hard,0.7976048588752747,0.7305319309234619,0.0670729279518127,11,shared_shiwilu_tokens
U00201,G00154,estoy herido.,chacha'lek ñapalek,sha'mu'su' ñapalek,estoy flacucho.,U00565,G00469,medium,0.7976048588752747,0.644392192363739,0.1532126665115356,16,shared_shiwilu_tokens
U01772,G01572,me desnudo.,inanpilechek,a'aper'lek',fracasé.,U00175,G00133,hard,0.5408846735954285,0.485229879617691,0.0556547939777374,8,very_close_margin
U01299,G01130,eres inteligente.,iñer' ñinchitapala',iñer' ñinchitulusa' nuker'ka,son inteligentes.,U01300,G01131,medium,0.7716723680496216,0.6177167296409607,0.1539556384086609,6,shared_shiwilu_tokens
U01059,G00918,estoy lesionado.,ñapalek da'peksu',ñapalek pilli'pi,estoy atrapado.,U00829,G00705,hard,0.7808772325515747,0.7284349203109741,0.0524423122406005,11,very_close_margin|shared_shiwilu_tokens
U01059,G00918,estoy lesionado.,ñapalek da'peksu',kadulunsu' ñapalek,estoy embarazada.,U01111,G00968,medium,0.7808772325515747,0.6237666010856628,0.1571106314659118,22,shared_shiwilu_tokens
U00660,G00550,tom miró.,tom lli'tulli,tom lli'inutulli,tom recordó.,U01875,G01669,hard,0.8770464658737183,0.7581346035003662,0.118911862373352,2,shared_shiwilu_tokens
U02797,G02572,las viejas finadas y los viejos finados se sentaban y hablaban de ese arákayu.,"tasellunku'lusa' papinkuku'lusa' du'anna', nana arakayukin luñina'.",nana mukankinpu'lalusa'ler arakayu pideknen di'setchullina'.,porque los de mal corazón quemaron la casa de arákayu.,U02788,G02563,medium,0.7936287522315979,0.5259374976158142,0.2676912546157837,2,shared_shiwilu_tokens
U01640,G01450,estás delgado.,sha'mu'su' nuka'ma,a'lliupiken nuka'ma,sos grande.,U00966,G00832,hard,0.7571616172790527,0.6726844906806946,0.0844771265983581,2,shared_shiwilu_tokens
U02693,G02468,gritó arákayu.,lukatullima arakayu.,"yulli, willeklli, wa'inutulli arakayu.","se rabió, lloró, tuvo mucha pena arákayu.",U02694,G02469,hard,0.7745025753974915,0.6436097621917725,0.130892813205719,2,shared_shiwilu_tokens
U00780,G00657,tengo vino.,vinu' a'ñapalek,a'ñapallidek vinu',tenemos vino.,U01238,G01077,medium,0.8887825012207031,0.6544201970100403,0.2343623042106628,2,shared_shiwilu_tokens
U02688,G02463,"cuando pasó el carnaval regresó,","mitan nakusik ima adanta'n,","inpikanpiler'an ima unma' uklli,","dicen que revolcándose vino el paiche,",U02642,G02417,hard,0.7373311519622803,0.6797505021095276,0.0575806498527526,4,very_close_margin|shared_shiwilu_tokens
U03134,G02909,"en cambio apu'tek no sabía aborrecer mucho, no era miserable.","apu'tek i'mi'na ñinpu' ninchiluyuchi'ñi, ñi aperku'tekinpu'.","ñi nana wa'dantek pektawapi'ñi, ñi laman pektawapi'ñi, ñi ma'nen nanadaper.","él no cría gallinas, no cría huanganas, nada de esos animales.",U02624,G02399,medium,0.706605851650238,0.4645974040031433,0.2420084476470947,2,shared_shiwilu_tokens
U01586,G01397,somos egoístas.,kenmu'sak lli'i'nupalekwa',a'lek'tutek'lusa' nuka'kawa',somos profesores.,U02158,G01938,hard,0.651454508304596,0.6006425619125366,0.0508119463920593,6,very_close_margin
U03120,G02895,de esta manera ahora están olvidando la lengua shiwilu.,ipa'la nu'anna' ipa' shiwilu la'la' pinaner'apilallina'.,ipa'la asu' senñula' itullun ¡lunker shiwilu la'la'!,ahora esta señora me pidió ¡habla la lengua shiwilu!,U02504,G02279,medium,0.8201741576194763,0.6618368029594421,0.1583373546600341,3,shared_shiwilu_tokens
U03064,G02839,"nosotros somos bastantes, ellos son doscitos nomas.","kenmu'wa' wapu'mu'wa', ma'ki'na asu' katu'shadapersa'.","kenmu'wa' mutupi muda', kenmu'wa' ñi asu'lupa'dei'npu'.","nosotros somos gente de cerro, nosotros no somos de aquí.",U03150,G02925,medium,0.840511679649353,0.6765958666801453,0.1639158129692077,2,shared_shiwilu_tokens
U00646,G00539,esto funciona.,asu' saka'tapalli,asu' saka'techu',este funciona.,U01872,G01666,medium,0.8565344214439392,0.6952834129333496,0.1612510085105896,4,shared_shiwilu_tokens
U00647,G00539,esto trabaja.,asu' saka'tapalli,asu' saka'techu',este funciona.,U01872,G01666,medium,0.8608712553977966,0.7094545364379883,0.1514167189598083,4,shared_shiwilu_tokens
U02561,G02336,"atemorizados, cuando contaban nosotros (los jóvenes) los hemos oído a los viejos ya finados sentados en la calle,","tek kuanna', ta'ser kuda lauktullidek papinkuku'lusa' du'anna' adipik kallilalak,",ta'ser kuanta' taserpiku'lusa' laukdeklek du'amu weilan.,"cuando contaban yo también a los viejos ya finados les he escuchado, sentado desde cierta distancia.",U02789,G02564,medium,0.7641885280609131,0.5967463254928589,0.1674422025680542,2,shared_shiwilu_tokens
U00675,G00565,tom morirá.,tom chiminchu,tom idenmechu,tom luchará.,U01877,G01671,medium,0.8925004601478577,0.6777917146682739,0.2147087454795837,2,shared_shiwilu_tokens
U01037,G00898,"espera, tom.",wa'tenker' tom,wa'tenker',un momento.,U00248,G02022,medium,0.891211986541748,0.623449444770813,0.267762541770935,2,shared_shiwilu_tokens
U02127,G01907,son amarillas.,sha'pi'su'sa' nuker'ka,saputek'lusa' nuker'ka,son débiles.,U01212,G01053,hard,0.7525194883346558,0.6986279487609863,0.0538915395736694,2,very_close_margin|shared_shiwilu_tokens
U02127,G01907,son amarillas.,sha'pi'su'sa' nuker'ka,uku'latak nuker'ka,son negocios.,U01482,G01300,medium,0.7525194883346558,0.5926136374473572,0.1599058508872985,5,shared_shiwilu_tokens
U02279,G02054,"viniendo de lima aquí ella también quiere aprender,","llimaklan wek'an asek nananta' yañinchitulli,","nanima yañinchitulli,","ella dice que quiere aprender (mi idioma),",U02313,G02088,medium,0.7177452445030212,0.5169797539710999,0.2007654905319214,2,shared_shiwilu_tokens
U01615,G01426,pareces ocupado.,ma'nen'nu'tapa'masu'pu'su' lli'tula,yupa'masu'pu'su' lli'tula,pareces molesto.,U01916,G01707,medium,0.752651035785675,0.5996755361557007,0.1529754996299743,3,shared_shiwilu_tokens
U02903,G02678,ya algunos de los espíritus de los esposos muertos penaban en sus casas:,nu'unta' ipa' wa'danwañi nana pidik:,nana malek dansu'lusa' tullina':,por eso los sobrevivientes dijeron:,U02566,G02341,medium,0.663047730922699,0.4741756319999695,0.1888720989227295,2,shared_shiwilu_tokens
U00773,G00650,como pan.,ka'apalek tanta',ka'apalek wayupi,como fruta.,U00774,G00651,hard,0.7319232821464539,0.6231963038444519,0.1087269783020019,2,shared_shiwilu_tokens
U02510,G02285,"sólo eso he hablado. yurimaguas, julio 2005",kua nanasa' lunek.,kua a'nadalek,yo exageré.,U01398,G01222,medium,0.7133123278617859,0.5333422422409058,0.1799700856208801,2,shared_shiwilu_tokens
U02228,G02003,¡contrólate!,¡inlu'uk'ter!,sekdiperker',guárdalo.,U00100,G00069,hard,0.6009546518325806,0.5494290590286255,0.051525592803955,10,very_close_margin
U02364,G02139,cuando hierve se lo echa en otra olla de barro grande que está enterrada (hasta la mitad).,"ukluka'sik, ali'lak kupin uktak pekdu'a'kasu' upellek.",chiter nanpi peksanpi nananta' ali'la uktak a'ukluka'lek.,maíz crudo molido también se hierve en otra olla.,U02378,G02153,hard,0.6430175304412842,0.5672105550765991,0.075806975364685,3,shared_shiwilu_tokens
U03153,G02928,"otros se han quedado en el cerro. 11 literalmente, los nombres de adentro.",ali'lima llia'lli ma'i mutupik.,"ali'lima llia'kuñi ala'sa', ma'i, panpateklu' ima llillinen chota.","otros se han ido a quedar en un, este, pasto llamado chota.",U03154,G02929,hard,0.7159439325332642,0.5851896405220032,0.130754292011261,2,shared_shiwilu_tokens
U01796,G01594,era perfecto.,u'chimu ñiwiñi,ñiwiñi tekinchi,fue real.,U00842,G00718,medium,0.7932180762290955,0.606759786605835,0.1864582896232605,5,shared_shiwilu_tokens
U01253,G01089,estamos hambrientos.,uki'latek ñapallidek,unku'pi ñapallidek,estamos encerrados.,U01252,G01088,hard,0.7780418395996094,0.7259818315505981,0.0520600080490112,5,very_close_margin|shared_shiwilu_tokens
U00000,G00000,ve.,paker',wanerker',parate,U00249,G00196,hard,0.5403231382369995,0.4869464337825775,0.053376704454422,18,very_close_margin
U02713,G02488,"el lago junto al pelejo se secó,","kundetchek enñi,","ukilasu'tundek enñi,","el rayo caño se secó,",U02712,G02487,hard,0.7555859088897705,0.6894737482070923,0.0661121606826782,3,shared_shiwilu_tokens
U02713,G02488,"el lago junto al pelejo se secó,","kundetchek enñi,","sennanlusa'nta' enñi,","también los lagos se secaron,",U02710,G02485,medium,0.7555859088897705,0.5615180730819702,0.1940678358078003,7,shared_shiwilu_tokens
U01248,G01085,estábamos heridos.,llipu'pi ñapawiñidek,lupersu' ñapawiñidek,estábamos borrachos.,U01577,G01388,hard,0.8755151033401489,0.8002997040748596,0.0752153992652893,3,shared_shiwilu_tokens
U01249,G01085,estábamos lastimados.,llipu'pi ñapawiñidek,lupersu' ñapawiñidek,estábamos borrachos.,U01577,G01388,hard,0.8378884792327881,0.7536069750785828,0.0842815041542053,3,shared_shiwilu_tokens
U03075,G02850,buscaron a los yupaneros.,ma'i silutulusa' dunkerllina'.,tullina' taserpiku'lusa'.,dijeron los viejos finados también con pena.,U02774,G02549,hard,0.6646819710731506,0.6085551977157593,0.0561267733573913,4,very_close_margin
U00988,G00852,¿estás lleno?,¿mer'su' ñapala?,¿nanpiladasu' ñapala?,¿estás despierta?,U01311,G01142,hard,0.7327365875244141,0.6188752055168152,0.1138613820075988,2,shared_shiwilu_tokens
U00988,G00852,¿estás lleno?,¿mer'su' ñapala?,¿wa'danpindek ñapala?,¿estás loco?,U00716,G00601,medium,0.7327365875244141,0.5376291871070862,0.1951074004173278,8,shared_shiwilu_tokens
U01190,G01033,eso ayudará.,nana katu'pa'techu,asu' katu'pa'techu,esto ayudará.,U01213,G01054,hard,0.8643559813499451,0.8120139837265015,0.0523419976234436,2,very_close_margin|shared_shiwilu_tokens
U01190,G01033,eso ayudará.,nana katu'pa'techu,nana katu'pa'tulli,eso ayudó.,U00888,G00760,medium,0.8643559813499451,0.6957029104232788,0.1686530709266662,4,shared_shiwilu_tokens
U02041,G01825,estaré esperando.,wa'tentapechek,wa'tentechek,esperaré.,U00805,G00681,hard,0.9091529250144958,0.8508673310279846,0.0582855939865112,2,very_close_margin
U02578,G02353,así dicen que pampayacu se quemó.,nu'sui'ma asu' panpadek uksu'ketchulli.,naneklimaka asu' nana lanla' pitunta' uwentunta'lli.,"de ahí, esta la ballena poza se redujo.",U02831,G02606,medium,0.7704983949661255,0.6017860174179077,0.1687123775482177,2,shared_shiwilu_tokens
U01940,G01730,¿estás casado?,¿sadasu'cha ñapala?,¿kadu'lunsu' ñapala?,¿estás embarazada?,U02219,G01996,hard,0.7400803565979004,0.6378703713417053,0.102209985256195,3,shared_shiwilu_tokens
U02062,G01845,¿es maestro?,¿a'lek'tutek' nuka'a?,¿lulentutek'a'cha?,¿es doctor?,U01782,G01581,hard,0.7391976714134216,0.6875549554824829,0.0516427159309387,3,very_close_margin
U02403,G02178,"esto queriendo llevar lejos, a otro pueblo, quieres aprender, de qué manera vivo aquí en jeberos.","asu' yekpantan wei ali'la ñinanluk yañinchitula, ma'pu'sui'pa nanpilek kua asu' shiwiluk.",nanentu saka'tulusui'pa' muyunpak walek ektui'nchuna' tullima ali'la taserpi.,tal vez los que primero están abriendo trocha lleguen hasta moyobamba dijo el otro viejo.,U02861,G02636,medium,0.7501431107521057,0.474411129951477,0.2757319808006286,2,shared_shiwilu_tokens
U02854,G02629,entonces otro viejo soñador dijo:,nanek ima ali'la taserpi wa'lata'su' tulli:,nu'an ima waneran tulli:,después poniéndose de pie dijo:,U02695,G02470,medium,0.8141558766365051,0.6207469701766968,0.1934089064598083,3,shared_shiwilu_tokens
U02534,G02309,cuando estábamos agarrando pescado nos botaron porque tenemos esta enfermedad sa'la'.,samer mapa'sekudek dinsulullinerkudek asu' sa'la' a'kudeksu' malek.,"nanapa yunsu'i kenmu'wa'kinsa' ñii asu' samer,","para que salgan para nosotros nomás, para que sean para nosotros nomás estos peces,",U02682,G02457,medium,0.6851254105567932,0.4575648605823517,0.2275605499744415,3,shared_shiwilu_tokens
U02405,G02180,hace tiempo me casé con mi esposo.,napi' sudawek sudatulek.,wilaluntamu sudawek kananek.,siendo señorita encontré marido.,U02263,G02038,hard,0.7248963713645935,0.5923463106155396,0.1325500607490539,2,shared_shiwilu_tokens
U02864,G02639,un grupo que vaya durmiendo y el otro grupo que haga guardia.,"ala'musun wicha'pai, ali'la musui'na nanpiladapai.","amana' ñichu di'tawa', ali'la erpilu' kupiwan ñipachi nananta' di'tawa'.","si hay tigre se lo mata, si hay anaconda de altura a esa también se la mata.",U02851,G02626,medium,0.7286065220832825,0.5275550484657288,0.2010514736175537,2,shared_shiwilu_tokens
U00609,G00505,votemos.,dek'awa',lun'awa',charlemos.,U00602,G00504,hard,0.6386951208114624,0.5817955732345581,0.0568995475769043,4,very_close_margin
U02216,G01993,estás atascado.,da'sek'su' ñapala,lupersu' ñapala,estás borracha.,U01293,G01124,hard,0.7481536269187927,0.671430230140686,0.0767233967781066,3,shared_shiwilu_tokens
U02216,G01993,estás atascado.,da'sek'su' ñapala,denlekpin'ta' ñapala,eres parcial.,U01635,G01445,medium,0.7481536269187927,0.5900694131851196,0.1580842137336731,5,shared_shiwilu_tokens
U01304,G01135,estás equivocado.,aper'su' ñapala,tasellun ñapala,estás vieja.,U00713,G00599,hard,0.7026457190513611,0.6425967216491699,0.0600489974021911,3,shared_shiwilu_tokens
U00863,G00739,nadie mintió.,ñiden tumui'ñi,ñiden ñinchichi'ñi,nadie sabe.,U01155,G01007,medium,0.888170599937439,0.6773629188537598,0.2108076810836792,2,shared_shiwilu_tokens
U01562,G01374,estamos arruinados.,nakusu' muin'su' ñapallidek,sakeksu' ñapallidek,estamos satisfechos.,U02183,G01963,hard,0.8342618346214294,0.7296707034111023,0.1045911312103271,8,shared_shiwilu_tokens
U01563,G01374,estamos condenados.,nakusu' muin'su' ñapallidek,sipuk'ñapallidek,somos prisioneros.,U02182,G01962,hard,0.7341257929801941,0.6793003678321838,0.0548254251480102,9,very_close_margin
U00346,G00277,soy obesa.,weilunsu' nuka'ka,shamu'pensu' nuka'ka,soy delgado. (masculino),U00211,G00163,hard,0.6964430809020996,0.6427952647209167,0.0536478161811828,4,very_close_margin|shared_shiwilu_tokens
U00346,G00277,soy obesa.,weilunsu' nuka'ka,sadasu' nuka'ka,soy casado.,U00821,G00697,medium,0.6964430809020996,0.5456117987632751,0.1508312821388244,9,shared_shiwilu_tokens
U00671,G00561,tom trabajó.,tom saka'tulli,saka'tulli,funcionó.,U00361,G00292,medium,0.8052747845649719,0.6441689133644104,0.1611058712005615,3,shared_shiwilu_tokens
U01779,G01578,me demandaron.,iker'lalak aku'llinerku,usu'lliner'ku,fui despedido.,U02033,G01817,hard,0.7578391432762146,0.69794762134552,0.0598915219306945,4,very_close_margin
U00220,G00172,eso ayuda.,nana katu'patulli,nana katu'pa'techu,eso ayudará.,U01190,G01033,hard,0.8250129222869873,0.7651823163032532,0.0598306059837341,3,very_close_margin|shared_shiwilu_tokens
U02198,G01976,anota esto.,llinser'ker' asu',llinser'ker' nana,anota eso.,U02196,G01975,hard,0.8488093614578247,0.7430158853530884,0.1057934761047363,3,shared_shiwilu_tokens
U02198,G01976,anota esto.,llinser'ker' asu',sek'diperker' asu',guarda esto.,U00374,G00305,medium,0.8488093614578247,0.6898491978645325,0.1589601635932922,4,shared_shiwilu_tokens
U02199,G01976,anote esto.,llinser'ker' asu',llinser'ker' nana,anota eso.,U02196,G01975,hard,0.855401337146759,0.744195818901062,0.111205518245697,3,shared_shiwilu_tokens
U02199,G01976,anote esto.,llinser'ker' asu',sek'diperker' asu',guarda esto.,U00374,G00305,medium,0.855401337146759,0.6661443114280701,0.1892570257186889,4,shared_shiwilu_tokens
U03001,G02776,"así como algunos maltratan a sus hijos a cada instante, así estas dos personas (nos maltratan a nosotros)8 dijeron en una reunion hablando.","ma'lusa', nu'unta' willina' llikanetchi'ñina' nanapu'tullinerkenmu'wa', asu' katu'shadaper tullina' ima idiuntunna' lunna'.","napi', kuanta' wilakuñamu laukta'kasu' nana muyunpa inchilalak taker'llina', lansi' wa'danler ka'deklli tullina'.","antes cuando yo era niño he escuchado que en ese camino de moyobamba perecieron, el duende puro hueso les comió dijeron.",U03022,G02797,hard,0.6328598260879517,0.5740472674369812,0.0588125586509704,2,very_close_margin
U01889,G01683,ahí estaremos.,nanek ñapaterwa',ñapechek nanek,estaré ahí.,U01434,G01254,hard,0.8541522026062012,0.7210699915885925,0.1330822110176086,2,shared_shiwilu_tokens
U02481,G02256,todo eso quiere saber esta señora.,nanadaper iñer asu' senñula' yañinchitulli.,nananti'mi'na yañinchitulli.,ella también quiere aprender.,U02507,G02282,medium,0.7345452308654785,0.5339879393577576,0.2005572915077209,2,shared_shiwilu_tokens
U02115,G01896,lo abofeteó.,lliaka'uk enka'lina,pi'ser'katulek,me tropecé.,U00332,G00267,hard,0.6300948262214661,0.5718718767166138,0.0582229495048522,4,very_close_margin
U02068,G01851,sabía dulce.,kasersu' ñiwiñi,nudu'pi ñiwiñi,fue repugnante.,U01124,G00977,hard,0.701962411403656,0.636931836605072,0.0650305747985839,2,shared_shiwilu_tokens
U02068,G01851,sabía dulce.,kasersu' ñiwiñi,lli'inupi ñiwiñi,fue planeado.,U01797,G01595,medium,0.701962411403656,0.5479624271392822,0.1539999842643737,4,shared_shiwilu_tokens
U01334,G01162,¿puedo quedármelo?,¿yennitulek ek'llia'ak?,¿yennitulek pilli'tak?,¿puedo tomarlo?,U01336,G01164,hard,0.7420634031295776,0.6737737059593201,0.0682896971702575,4,shared_shiwilu_tokens
U01334,G01162,¿puedo quedármelo?,¿yennitulek ek'llia'ak?,¿yennitulek lli'ak?,¿puedo verlo?,U01513,G01328,medium,0.7420634031295776,0.5852707028388977,0.1567927002906799,12,shared_shiwilu_tokens
U01602,G01413,¿dónde estás?,¿enñupa'cha ñapala?,¿wer'su' ñapala?,¿estás perdido?,U00990,G00854,medium,0.8503525853157043,0.6099586486816406,0.2403939366340637,2,shared_shiwilu_tokens
U02993,G02768,"regresando por ese camino dijeron: por ese camino hay bastante comida, hay de todo.","nana inchilalalupa' adencha'nni'ma luncha'llina': enpu'nipa' uran ñilli nana inchilalalupa', dudinpu' ñapalli.",adencha'nni'ma luncha'llina': enpu'nipa' ali'la ñinanluk lupa'paperpidek'wañina'.,tras volver (a jeberos) contaron: mucho en otros pueblos tienen casa embarrada (tarrajeada).,U02983,G02758,medium,0.7646859288215637,0.50295490026474,0.2617310285568237,2,shared_shiwilu_tokens
U00417,G00337,más despacio.,a'pinta' uti'la,dekunder' uti'la,camina lentamente.,U00924,G00793,medium,0.7716138958930969,0.5806062817573547,0.1910076141357422,2,shared_shiwilu_tokens
U02748,G02523,"la charapa salió,","puka' yunsu'lli,","damer'ita yunsu'lli,","la taricaya salió,",U02749,G02524,hard,0.8667907118797302,0.7749955654144287,0.0917951464653015,3,shared_shiwilu_tokens
U02826,G02601,dicen que cuando marcel bajaba el río en un patecito la ballena se lo tragó.,marcel ima pachishak nu'wantan lanla'ler lanpi'tulli.,arakayu ima lanla' akun yunsu'lli.,dicen que arákayu puso una ballena y salió (de la región).,U02819,G02594,medium,0.7487992644309998,0.5324969291687012,0.2163023352622985,2,shared_shiwilu_tokens
U02398,G02173,"los niños ahora no la entienden, ahora sí que ellos ya no comprenden nuestra lengua shiwilu.","wilalusa' ipa'la ñi lachek'i'ñina', ipa'li'na shiwilu la'la'mapu'wa' nawa' lachek'i'ñina'.",napi' wilashakuñamu asu' shiwilu la'la' mushasu' lunek.,antes cuando era niñita hablaba bonito el shiwilu.,U02399,G02174,medium,0.8747673630714417,0.5814753770828247,0.2932919859886169,2,shared_shiwilu_tokens
U03059,G02834,y cuando (los shawala) estaban pasando a trabajar con esos castellano-hablantes los llamó y les dijo:,nakupila'ser yasaka'tanna' nana kaschilla lu'nsu'lek peklu'dek'an itudeklli:,"nana wa'anler peklu'deklli, peklu'dek'an itulli: -¿ma'i'na luwantanma' uklama'?.",el gobernante los llamó y tras llamarles les preguntó: -¿qué cosa queriendo han venido?,U02977,G02752,medium,0.6796523332595825,0.4892871081829071,0.1903652250766754,2,shared_shiwilu_tokens
U01187,G01031,dígannos más.,wintu'udek a'pinta',wintu'u a'pinta',cuéntame más.,U01183,G01030,hard,0.8026500940322876,0.7011921405792236,0.1014579534530639,4,shared_shiwilu_tokens
U03056,G02831,"dice que, antiguamente, (los españoles) los maltrataban, les reñían, los paleaban, los hacían trabajar hasta muy tarde.","napi' ima llikanetchudek'i'ñina', yutudekllini'ma, llipu'tudekllini'ma, er'washinchi walek a'saka'tudekllina'.","tekkinchi walek kunparinenna' pilli'iteklatanna', kumarinenna' pilli'iteklatanna', musha'iteklanna', yensunna', willekllina'.","de verdad tomaban las manos de sus compadres, tomaban las manos de sus comadres y se las besaban, se arrodillaban y lloraban.",U03204,G02979,medium,0.759398877620697,0.5504550933837891,0.2089437842369079,2,shared_shiwilu_tokens
U01719,G01522,bebo café.,ulek wayusa',luwantulek wayusa',quiero café.,U01419,G01239,hard,0.6727267503738403,0.537599503993988,0.1351272463798523,2,shared_shiwilu_tokens
U01719,G01522,bebo café.,ulek wayusa',wayusa' luwantulek,necesito café.,U01414,G01235,medium,0.6727267503738403,0.5155511498451233,0.157175600528717,3,shared_shiwilu_tokens
U01872,G01666,este funciona.,asu' saka'techu',asu' u'su kua pektawapalek.,esto así estoy criando.,U02650,G02425,medium,0.6894485354423523,0.5349096059799194,0.1545389294624328,18,shared_shiwilu_tokens
U01550,G01362,es incorrecto.,mui'su' nuka'a,tumu' nuka'a,es falso.,U02123,G01903,hard,0.6452297568321228,0.5843368172645569,0.0608929395675659,5,shared_shiwilu_tokens
U00919,G00789,pruébate este.,lataker' asu',luntuker' asu',lee esto.,U00400,G00325,hard,0.8860319256782532,0.757374107837677,0.1286578178405761,2,shared_shiwilu_tokens
U00919,G00789,pruébate este.,lataker' asu',luntuku' asu',lean esto.,U00402,G00326,medium,0.8860319256782532,0.7081999182701111,0.1778320074081421,4,shared_shiwilu_tokens
U02395,G02170,usted señora quiere aprender esta nuestra lengua shiwilu.,kenma senñula' yañinchitula asu' shiwilu la'la'mapu'wa'.,napi' wilashakuñamu asu' shiwilu la'la' mushasu' lunek.,antes cuando era niñita hablaba bonito el shiwilu.,U02399,G02174,medium,0.7835119366645813,0.4931806921958923,0.2903312444686889,2,shared_shiwilu_tokens
U00916,G00786,tom estornudó.,tom a'shulli,tom sha'pi'wiñi,tom palideció.,U01556,G01368,hard,0.7389118075370789,0.6755043268203735,0.0634074807167053,5,shared_shiwilu_tokens
U00916,G00786,tom estornudó.,tom a'shulli,tom inllipu'itek'latulli,tom aplaudió.,U01551,G01363,medium,0.7389118075370789,0.5625584125518799,0.1763533949851989,9,shared_shiwilu_tokens
U01373,G01198,es abogado.,chimidekpi nuka'a,tumu'tek' nuka'a,es engañoso.,U02077,G01860,hard,0.5974251627922058,0.5325771570205688,0.0648480057716369,5,shared_shiwilu_tokens
U02125,G01905,son lindos.,u'chimushala nuker'ka,iyasu'lusa' nuker'ka,son ricas.,U01210,G01051,hard,0.8440086841583252,0.6979419589042664,0.1460667252540588,2,shared_shiwilu_tokens
U02125,G01905,son lindos.,u'chimushala nuker'ka,sha'pi'su'sa' nuker'ka,son amarillas.,U02127,G01907,medium,0.8440086841583252,0.6645414233207703,0.1794672608375549,3,shared_shiwilu_tokens
U00374,G00305,guarda esto.,sek'diperker' asu',pata'ker' asu',usa esto.,U00265,G00212,hard,0.7961409687995911,0.727748453617096,0.0683925151824951,4,shared_shiwilu_tokens
U00374,G00305,guarda esto.,sek'diperker' asu',sekdiperker' asu' mutu'penkek,memoriza esto.,U01514,G01329,medium,0.7961409687995911,0.6440959572792053,0.1520450115203857,9,shared_shiwilu_tokens
U02379,G02154,así también yuca cruda rallada también se hierve en otra olla.,nu'sik ker' su'watek nananta' a'ukluka'lek ali'la uktak.,chiter nanpi peksanpi nananta' ali'la uktak a'ukluka'lek.,maíz crudo molido también se hierve en otra olla.,U02378,G02153,medium,0.7035861611366272,0.5428317189216614,0.1607544422149658,2,shared_shiwilu_tokens
U00136,G00097,pregúntales.,lek'ker',teklerier',pruébatelo.,U00442,G00359,hard,0.7556101083755493,0.6995604634284973,0.056049644947052,3,very_close_margin
U00246,G00194,siéntate aquí.,du'ker' asek,du'ker' nanek,sentate ahí.,U00414,G00334,hard,0.899431586265564,0.7559995055198669,0.143432080745697,2,shared_shiwilu_tokens
U00246,G00194,siéntate aquí.,du'ker' asek,cheksu' du'ker',siéntese recto.,U02118,G01898,medium,0.899431586265564,0.6987375020980835,0.2006940841674804,3,shared_shiwilu_tokens
U00652,G00544,tom bebe.,tom uwapalli,tom wellek'echu,tom llorará.,U00674,G00564,medium,0.7662263512611389,0.5396201014518738,0.2266062498092651,3,shared_shiwilu_tokens
U00653,G00544,tom toma.,tom uwapalli,tom pa'echu,tom irá.,U00441,G00358,medium,0.7462520599365234,0.5357220768928528,0.2105299830436706,3,shared_shiwilu_tokens
U02015,G01800,debo advertirle.,winta'kasu' ñapalli,inlli'inuinsu' ñapalli,está inconsciente.,U02246,G02021,hard,0.8053567409515381,0.7107495665550232,0.0946071743965148,2,shared_shiwilu_tokens
U01513,G01328,¿puedo verlo?,¿yennitulek lli'ak?,¿yennitulek ek'llia'ak?,¿puedo quedármelo?,U01334,G01162,hard,0.8900675773620605,0.7461849451065063,0.1438826322555542,3,shared_shiwilu_tokens
U00862,G00738,nadie vino.,ñiden u'i'ñi,ñiden pek'klu'chi'ñi,nadie llamó.,U01515,G01330,hard,0.7222780585289001,0.6471990346908569,0.0750790238380432,2,shared_shiwilu_tokens
U00237,G00187,cuidado.,lli'ker'llia',¡li'ker'la!,¡ten cuidado!,U00463,G00379,hard,0.6612465977668762,0.6090090274810791,0.0522375702857971,10,very_close_margin
U02691,G02466,por eso dice arákayu se enojó mucho.,nu'an ima ipa'linchi arakayu yulli.,nu'an ima arakayu sakek'an peklu'deklli inyulateknen ima.,luego alegrándose los invitó a su patio exterior.,U02595,G02370,hard,0.6639747023582458,0.5291982293128967,0.1347764730453491,3,shared_shiwilu_tokens
U02691,G02466,por eso dice arákayu se enojó mucho.,nu'an ima ipa'linchi arakayu yulli.,tan ima arakayu nu'wanta'lli.,diciendo esto arákayu se fue río abajo.,U02699,G02474,medium,0.6639747023582458,0.4981183707714081,0.1658563315868377,5,shared_shiwilu_tokens
U01501,G01317,hagamos eso.,nu'tawa' nana,nu'tawa' ipa'la,hagámoslo ahora.,U02092,G01874,medium,0.9130892157554626,0.7286902666091919,0.1843989491462707,3,shared_shiwilu_tokens
U00674,G00564,tom llorará.,tom wellek'echu,tom lun'echu,tom hablará.,U01227,G01066,medium,0.8801268935203552,0.681113600730896,0.1990132927894592,2,shared_shiwilu_tokens
U02657,G02432,en ese tiempo (comentaron) dicen que existe un tal arákayu y tiene peces.,"napi'pu' arakayu ima nanpipalli, samerwanpalli.",ali'ladaper tullini'ma asu' arakayu samer luwektapalli.,otros dijeron este arákayu cuida los peces.,U02679,G02454,hard,0.6550315618515015,0.5477063655853271,0.1073251962661743,2,shared_shiwilu_tokens
U02657,G02432,en ese tiempo (comentaron) dicen que existe un tal arákayu y tiene peces.,"napi'pu' arakayu ima nanpipalli, samerwanpalli.",nanekla'nka kuanta' ñinchitulek asu' arakayu ma'pu'si'pa' nanpilli.,de ahí yo también he aprendido de qué manera vivió este arákayu.,U02796,G02571,medium,0.6550315618515015,0.4934300780296325,0.1616014838218689,3,shared_shiwilu_tokens
U00441,G00358,tom irá.,tom pa'echu,tom chiminchu,tom morirá.,U00675,G00565,medium,0.905082643032074,0.7211014628410339,0.18398118019104,2,shared_shiwilu_tokens
U01653,G01461,¿puedo besarte?,¿yennitulek musha'a'kik?,¿yennitulek wiperi'a'kik?,¿puedo abrazarte?,U01332,G01160,hard,0.726227879524231,0.6186497807502747,0.1075780987739563,2,shared_shiwilu_tokens
U01653,G01461,¿puedo besarte?,¿yennitulek musha'a'kik?,¿yennitulek katu'pa'a'kik?,¿puedo ayudarle?,U01651,G01460,medium,0.726227879524231,0.4831695854663849,0.243058294057846,3,shared_shiwilu_tokens
U01482,G01300,son negocios.,uku'latak nuker'ka,sha'pi'su'sa' nuker'ka,son amarillas.,U02127,G01907,hard,0.6073102951049805,0.5551875829696655,0.0521227121353149,4,very_close_margin|shared_shiwilu_tokens
U02902,G02677,"dice que ahí otras estaban soñando,",nanek ima nu'unta' ipa' wa'latapallina'.,"nu'su' ali'ladaper llipetchullina',",así a otros recriminan.,U03113,G02888,hard,0.7110687494277954,0.655448853969574,0.0556198954582214,2,very_close_margin
U02902,G02677,"dice que ahí otras estaban soñando,",nanek ima nu'unta' ipa' wa'latapallina'.,nanek ima ali'la taserpi wa'lata'su' tulli:,entonces otro viejo soñador dijo:,U02854,G02629,medium,0.7110687494277954,0.4644724726676941,0.2465962767601013,3,shared_shiwilu_tokens
U01311,G01142,¿estás despierta?,¿nanpiladasu' ñapala?,¿mer'su' ñapala?,¿estás lleno?,U00988,G00852,medium,0.783670961856842,0.6127328276634216,0.1709381341934204,5,shared_shiwilu_tokens
U00229,G00179,es rojo.,pipersu' nuka'a,brashika nuka'a,es brasileña.,U02116,G01897,hard,0.6925213932991028,0.5745190978050232,0.1180022954940795,2,shared_shiwilu_tokens
U02004,G01790,odio pelear.,luyulek idenmaak,luyulek pennu'ak,odio volar.,U01402,G01226,hard,0.8165276646614075,0.7122793197631836,0.1042483448982238,3,shared_shiwilu_tokens
U02005,G01790,detesto pelear.,luyulek idenmaak,luyulek pennu'ak,odio volar.,U01402,G01226,hard,0.8194290995597839,0.7308547496795654,0.0885743498802185,3,shared_shiwilu_tokens
U01927,G01718,eres paciente.,wa'tentutek nuka'ma,watensu' nuka'ma,eres duro.,U01303,G01134,hard,0.8651332855224609,0.7411210536956787,0.1240122318267822,2,shared_shiwilu_tokens
U00615,G00511,sin comentarios.,ma'nen' ñi'ñi lun'ak',ñiden lauk'tapi'ñi,nadie escucha.,U01835,G01631,hard,0.5881154537200928,0.5354464054107666,0.0526690483093261,7,very_close_margin
U01450,G01268,soy huérfano.,suila nuka'ka,sudasu' nuka'ka,soy casada.,U00822,G00698,hard,0.6933754086494446,0.6249513030052185,0.068424105644226,2,shared_shiwilu_tokens
U01450,G01268,soy huérfano.,suila nuka'ka,frances nuka'ka,soy francés.,U00553,G00458,medium,0.6933754086494446,0.5381568670272827,0.1552185416221618,4,shared_shiwilu_tokens
U02158,G01938,somos profesores.,a'lek'tutek'lusa' nuka'kawa',inlu'uk'tutek nuka'kawa',somos minuciosos.,U01896,G01690,medium,0.8973324298858643,0.707709550857544,0.1896228790283203,2,shared_shiwilu_tokens
U01855,G01649,ellos aplaudieron.,nawa' inllipu'iteklatullina',nawa' inyutullina',ellos discutieron.,U01859,G01653,medium,0.7575870752334595,0.6072469353675842,0.1503401398658752,3,shared_shiwilu_tokens
U00861,G00737,nadie murió.,ñiden chimii'ñi,ñiden u'i'ñi,nadie vino.,U00862,G00738,medium,0.8801460862159729,0.7000445127487183,0.1801015734672546,2,shared_shiwilu_tokens
U02990,G02765,"al regresar de allí hablaron por ahí vive gente blanca, de ojos azules, de ojos claros.","nanekla adenchenna' luncha'llina' nanalupa' dadapu muda' nanpipalli, kañellu'ladatusu, adawa'ladatusu.","nanek ima dasu'la yunsa'n a'uluntulli, tekkinchima nanekla yunkelli iyun, tunka, etchu, dudinpu' lli'la muinpu'a'su'.","dice que de madrugada, al levantarse, venteó la ceniza con abanico y de ahí salieron zancudos, tábanos, tabanillos negros, toda clase de insectos que no valen.",U02956,G02731,medium,0.7864318490028381,0.6159291863441467,0.1705026626586914,2,shared_shiwilu_tokens
U02686,G02461,mientras pasaba eso dice quemaron la casa.,nana nu'apasik ima di'serpidektullina'.,nanek ima tekkinchi lupa' lenmeklli.,dice que de verdad la tierra tembló (debido a que el duende venía).,U02942,G02717,hard,0.626224160194397,0.5620574951171875,0.0641666650772094,2,shared_shiwilu_tokens
U02686,G02461,mientras pasaba eso dice quemaron la casa.,nana nu'apasik ima di'serpidektullina'.,nu'an ima ipa'linchi arakayu yulli.,por eso dice arákayu se enojó mucho.,U02691,G02466,medium,0.626224160194397,0.4678347706794739,0.1583893895149231,11,shared_shiwilu_tokens
U03033,G02808,a eso dijeron ¡cuánto hemos sufrido para abrir el camino a moyobamba! dijeron.,nana nani'na itullina' ma'pu'si'pa' insekluteñek muyunpa inchilala yaekketchakwa' tullina'.,"adanda'nni'ma, nana katu'pa'chinpu'lusa' itudeklli ¡enchuku' di'tudekawa' asu' katu'pa'chinpu'lusa'!","regresando, a los que no apoyaron la rebelión les dijeron ¡vamos a matarlos a esos que no se han adherido.",U03082,G02857,medium,0.7377219796180725,0.580363392829895,0.1573585867881775,3,shared_shiwilu_tokens
U01260,G01096,¿quién renunció?,¿den yunsu'lli?,¿den ata'wantulli?,¿quién canceló?,U01258,G01094,medium,0.8746654391288757,0.6796043515205383,0.1950610876083374,2,shared_shiwilu_tokens
U00713,G00599,estás vieja.,tasellun ñapala,tumu'pala,estás mintiendo.,U01297,G01128,hard,0.7482000589370728,0.6967558264732361,0.0514442324638366,2,very_close_margin
U00259,G00206,tom renunció.,tom yunsu'lli,tom a'ta'wantulli,tom terminó.,U01216,G01056,hard,0.8863614797592163,0.7508573532104492,0.1355041265487671,2,shared_shiwilu_tokens
U00259,G00206,tom renunció.,tom yunsu'lli,tom chi'ye'klli,tom escapó.,U00911,G00781,medium,0.8863614797592163,0.6792080998420715,0.2071533799171447,4,shared_shiwilu_tokens
U02654,G02429,"sábalo, y este es acarahuasú, y este es …este... fasaco, este es lisa, palometa, gamitana.... les dijo.","- nansek, asui'na iker'adu, asui'na ..ma'i.. a'lanan, asu' nerkala, terek, dunanser.... itudekllima.","nanek ima mañer, dañer, pullikariu ma'i panfilo, nanek ima ransisko, nanek ima asu', ma'i, asu' pancho, nanek ima ñilli asu' pidir aku'llima da'kanchineksu'.","allí, dice, a manuel, daniel, policarpo, pánfilo, después francisco, después, este, pancho, después había fidel, los puso en fila.",U03174,G02949,medium,0.7794920802116394,0.5314540266990662,0.2480380535125732,2,shared_shiwilu_tokens
U00458,G00374,más alto.,a'pinta' musenkek,a'pinta' uti'la,más despacio.,U00417,G00337,medium,0.7335795164108276,0.4776084125041961,0.2559711039066314,2,shared_shiwilu_tokens
U03202,G02977,no saben pronunciar.,ninchipeklui'npu'la'pi'na'.,yatulener'tama,no canten.,U00487,G00400,hard,0.707291841506958,0.6473599076271057,0.0599319338798522,5,very_close_margin
U02048,G01831,estoy avergonzado.,ñapalek dakuta'su',perwatendusu' ñapalek,estoy desesperado.,U01452,G01270,hard,0.7397531270980835,0.6829873323440552,0.0567657947540283,8,very_close_margin|shared_shiwilu_tokens
U01319,G01148,¿están listos?,¿insek'diperpi ñapalama'?,¿insek'diperpi ñapala?,¿estás lista?,U01318,G01147,medium,0.8277043700218201,0.6068789958953857,0.2208253741264343,3,shared_shiwilu_tokens
U00678,G00568,¿fue divertido?,¿mulli'ncha'?,¿musu'ñapawiñi?,¿estuvo bueno?,U00927,G00796,hard,0.7320560216903687,0.6735286116600037,0.0585274100303649,2,very_close_margin
U02160,G01940,podemos ayudarte.,yennitulek'wa' katu'pa'a'kik,yennitulek katu'pa'a'kik,puedo ayudarte.,U01713,G01516,hard,0.925887644290924,0.8006627559661865,0.1252248883247375,3,shared_shiwilu_tokens
U00825,G00701,soy paciente.,wa'tentutek nuka'ka,wa'tentutek nuka'ma,eres paciente.,U01927,G01718,medium,0.8691620826721191,0.7017536759376526,0.1674084067344665,2,shared_shiwilu_tokens
U03000,G02775,las abuelas ya finadas dijeron: nosotros somos los culpables de que ahora los señores vengan y nos hagan la vida imposible sin motivo.,tullina' amiku'lusa' kuda usha'wañidek asu' ipa'la wa'danlusa' uk'anna' llikanerchi'ñinerkenmu'wa'.,shiwiluku'lusa' ipa'la ita'kawa'su' kanpana' pitun napi' i'na itullina' lanla' pitun.,los finados shiwilu a la que llamamos ahora campana poza antes la llamaban ballena poza.,U02817,G02592,medium,0.7792807221412659,0.5065408945083618,0.272739827632904,2,shared_shiwilu_tokens
U03128,G02903,hay que hacerles sembrar a estos indios.,a'teradek'awa' asu' kenma'lusa'.,a'pimuchun kenmu'wa'ki ñii asu' samer.,será mejor que nos apropiemos de estos peces.,U02680,G02455,hard,0.6307709813117981,0.5570678114891052,0.0737031698226928,2,shared_shiwilu_tokens
U02184,G01964,estamos separados.,yampu'su' ñapallidek,mumusu' ñapallidek,estamos organizados.,U02181,G01961,hard,0.7679304480552673,0.6994836926460266,0.0684467554092407,4,shared_shiwilu_tokens
U02179,G01959,estamos seguros.,musu'lu'ukpi ñapallidek,inapi ñapallidek,estamos disponibles.,U02178,G01958,medium,0.7926419377326965,0.61881422996521,0.1738277077674865,7,shared_shiwilu_tokens
U02519,G02294,este era asistente del gobernante.,nana wa'an wala'wanen.,nana nadi'neklusi'ma.,a esos jóvenes.,U02938,G02713,medium,0.7444586753845215,0.5535858273506165,0.190872848033905,2,shared_shiwilu_tokens
U02893,G02668,"cuando se durmieron, dice que de veras vino el duende puro hueso y a toditos los mató mordiéndoles el cuello,",wichi'a'ser ima tekkinchi lansi' wa'dan uk'an iñer ima laki'kerdeklli.,"naneklima luncha'llina' asu'lupa' lansi'sa' ala'sa' ya'lli, dullinen iñer ukunpala'lli,","entonces contaron por acá hay un hombre puro hueso y sus intestinos le cuelgan,",U02883,G02658,medium,0.7039072513580322,0.5016036629676819,0.2023035883903503,2,shared_shiwilu_tokens
U02089,G01871,déjame averiguarlo.,ta'itula'u lek'techek,ta'itula'u lli'echek,déjame ver.,U00600,G01313,hard,0.7414686679840088,0.688633143901825,0.0528355240821838,5,very_close_margin|shared_shiwilu_tokens
U02837,G02612,"por eso nosotros ahora decimos otra gente también quizá vivirán,","nu'akkui'na kenmu'wa' ipa'la tapalekwa' ali'la muda'nti'pa' nanpipalli,","nu'su' ipa'la ñaterwa', ñi kenmu'wa' ipa'la chu'kenapi'nterwa' iñer ñinanlu'.","ahora vamos a vivir así, ahora ya no vamos a pandillar todo el pueblo.",U03091,G02866,medium,0.7884470820426941,0.5454229712486267,0.2430241107940673,2,shared_shiwilu_tokens
U02618,G02393,¿han traído candela?,¿pen ipa' kellama'?,¿pen a'cha a'ñapalama'?,¿tienen candela?,U02612,G02387,medium,0.780507504940033,0.5768401622772217,0.2036673426628112,2,shared_shiwilu_tokens
U01100,G00959,soy adulta.,taserlunku nuka'ka,luanpi nuka'ka,soy amado.,U00343,G00275,hard,0.6426475048065186,0.5871356129646301,0.0555118918418884,8,very_close_margin|shared_shiwilu_tokens
U02152,G01932,tom aceleró.,tom nakusu' a'teka'lli,chuma wa'tentulli,tomás esperó.,U00669,G00559,hard,0.6655985713005066,0.609415590763092,0.0561829805374145,3,very_close_margin
U02710,G02485,"también los lagos se secaron,","sennanlusa'nta' enñi,","shidek enñi,","los lagos grandes se secaron,",U02711,G02486,hard,0.7619372606277466,0.6480929851531982,0.1138442754745483,2,shared_shiwilu_tokens
U02710,G02485,"también los lagos se secaron,","sennanlusa'nta' enñi,","kundetchek enñi,","el lago junto al pelejo se secó,",U02713,G02488,medium,0.7619372606277466,0.5644699931144714,0.1974672675132751,3,shared_shiwilu_tokens
U00747,G00627,termine esto.,a'ta'wanter asu',ma'ta asu',tome esto.,U00427,G00344,hard,0.7488453388214111,0.6544229984283447,0.0944223403930664,3,shared_shiwilu_tokens
U00747,G00627,termine esto.,a'ta'wanter asu',a'ta'wantuku' asu',terminen esto.,U00749,G00628,medium,0.7488453388214111,0.5864254236221313,0.1624199151992797,5,shared_shiwilu_tokens
U00748,G00627,termina esto.,a'ta'wanter asu',a'ta'wantuku' asu',terminen esto.,U00749,G00628,medium,0.7546288967132568,0.6044684052467346,0.1501604914665222,3,shared_shiwilu_tokens
U02414,G02189,"algunitos de mis hijos quizás me estén entendiendo, pero ya no entienden bien.4",nu'unta'shasi'pa' wilaweklusa' lachek'apilanti'ñina'.,ñienkasu' wilaweklusa' lachek'i'ñina'.,ninguno de mis hijos entiende.,U02299,G02074,hard,0.7513343095779419,0.6985778212547302,0.0527564883232116,2,very_close_margin|shared_shiwilu_tokens
U01812,G01609,consérvalo contigo.,sekdiperker' kenmalek,sekdiperker' mutu'penkek,memorízalo.,U00860,G00736,medium,0.7797307968139648,0.6172151565551758,0.162515640258789,3,shared_shiwilu_tokens
U02038,G01822,estaré contento.,musu' ñape'chek,musu' ñape'chu,estarás bien.,U01290,G01121,hard,0.8832588791847229,0.7647272944450378,0.118531584739685,3,shared_shiwilu_tokens
U02038,G01822,estaré contento.,musu' ñape'chek,musu' ñape'chidek,estaremos felices.,U01888,G01682,medium,0.8832588791847229,0.6898813247680664,0.1933775544166565,4,shared_shiwilu_tokens
U00375,G00306,guarden esto.,sek'diperku' asu',sek'diperker' asu',guarda esto.,U00374,G00305,hard,0.8046587109565735,0.6980827450752258,0.1065759658813476,2,shared_shiwilu_tokens
U00375,G00306,guarden esto.,sek'diperku' asu',a'ta'wantuku' asu',terminen esto.,U00749,G00628,medium,0.8046587109565735,0.6211187243461609,0.1835399866104126,4,shared_shiwilu_tokens
U03086,G02861,veinticinco años pasaron y cuando las autoridades que habían hablado con malallina murieron volvieron (a jeberos).,"katu'shunka' alei'teklun ekkilala ñisik ima, nana wa'anku'lusa' malallinalek lu'rnkasu' nawei'ma ipa' chimia'ser adankenñunta'llina'.","ektu'sik ima muyunpak, nana inka' la'la' lunlusa'ler ima, yadi'tudeklli.",cuentan que cando llegaron a moyobamba los que hablaban en lengua inca los quisieron matar.,U02973,G02748,medium,0.7410132884979248,0.5045585632324219,0.2364547252655029,2,shared_shiwilu_tokens
U00153,G00112,adelante. (parte superior),ekter,da'encher',adelante. (ingresa),U00152,G00116,hard,0.6115403175354004,0.5556999444961548,0.0558403730392456,2,very_close_margin
U01683,G01488,cómete todo.,ka'ker' iñer',ka'ku' iñer',cómanse todo.,U01684,G01489,hard,0.818443775177002,0.6919198632240295,0.1265239119529724,2,shared_shiwilu_tokens
U02560,G02335,"entonces (los jeberinos) se arrepintieron, no pescaron más.","naneklima luna'tullina', ñi a'pinta' pur'i'ñina'.","nanekla ñi a'pinta' yapitetchi'ñina', ñi ananchi'ñina', ñi asu' pankuellinchi'ñina'.","de ahí ya no quisieron hilar, ya no desmotaban el algodón, ya no hacían ovillo.",U02987,G02762,medium,0.7833664417266846,0.5462257266044617,0.2371407151222229,2,shared_shiwilu_tokens
U02385,G02160,entonces cuando se está cutipando (se está haciendo hervir nuevamente) está amaneciendo.,ipa'linchi a'pi'dektapa'sik ukllapilelli.,inyek ipa'linchi peksanek.,una vez tostado se lo muele.,U02347,G02122,hard,0.6324530839920044,0.4951083362102508,0.1373447477817535,2,shared_shiwilu_tokens
U02385,G02160,entonces cuando se está cutipando (se está haciendo hervir nuevamente) está amaneciendo.,ipa'linchi a'pi'dektapa'sik ukllapilelli.,"ukllinantusik ipa'linchi pamu'lek, a'du'lek uktak.",cuando amanece entonces se lava (la yuca) y se la pone en una olla.,U02343,G02118,medium,0.6324530839920044,0.4579932689666748,0.1744598150253296,3,shared_shiwilu_tokens
U02340,G02115,"primero se va a traer yuca de la chacra,","nanentu ker' manta'lek menmikda',","ipa'laka kenmama' uki'la nakuchuma',","ahora sí ustedes sufrirán hambre,",U02696,G02471,hard,0.629716694355011,0.5713719725608826,0.0583447217941284,2,very_close_margin
U00054,G00043,sé agradable.,mukankan ñiker',nantapitek ñiker',sé valiente.,U01044,G00904,medium,0.8200901746749878,0.6656884551048279,0.1544017195701599,6,shared_shiwilu_tokens
U02616,G02391,por eso con mi candela no van a cocinar.,nana malek asu' penweklek penwei'nchuma'.,nana pu'su' yanu'tutama',no copien.,U00741,G00621,medium,0.7214415073394775,0.5376476049423218,0.1837939023971557,3,shared_shiwilu_tokens
U02577,G02352,"de ahí, escuchándoles, nosotros también hasta ahora nos acordamos de eso que hablaban.",nanekla'nka lawektapamudek kudanta' ipa'la walek lli'inutapallidek nana lunka'su'.,"lli'inutapaku' nu'sukla'nka kenmu'wa' ipa'la itullinerkenmu'wa', gente civilizada tullima.","vayan acordándose de esa clase (de nombres) nos dicen ahora, gente civilizada dicen.",U03190,G02965,medium,0.754275381565094,0.5587886571884155,0.1954867243766784,2,shared_shiwilu_tokens
U02124,G01904,hay reglas.,ñapalli la'la'lusa',inlli'inuinsu' ñapalli,está inconsciente.,U02246,G02021,medium,0.6658552885055542,0.5127980709075928,0.1530572175979614,3,shared_shiwilu_tokens
U01397,G01221,no estudio.,ku'la ñinchitapi'nek,ñinchidinupalek,tengo curiosidad.,U00813,G00689,hard,0.7262908816337585,0.6670510172843933,0.0592398643493652,3,very_close_margin
U02441,G02216,ellas me cuidan.,nawa' lli'apallinerku.,nawa' ipa'la lli'apallinerku.,ellos ahora ven por mí.,U02407,G02182,hard,0.7502949833869934,0.6418088674545288,0.1084861159324646,2,shared_shiwilu_tokens
U00704,G00590,¿dónde estoy?,¿enñupa'cha ñapalek?,¿enñupa'cha ñapala?,¿dónde estás?,U01602,G01413,medium,0.8606896996498108,0.6484173536300659,0.2122723460197448,2,shared_shiwilu_tokens
U00422,G00341,párales.,nanek lia'ina',de'a'merker',achícalo.,U02107,G01888,hard,0.7488603591918945,0.6926231384277344,0.0562372207641601,3,very_close_margin
U01301,G01132,eres listo.,insekdiperpi nuka'ma,wa'tentutek nuka'ma,eres paciente.,U01927,G01718,hard,0.7752185463905334,0.7188478708267212,0.0563706755638122,2,very_close_margin|shared_shiwilu_tokens
U01301,G01132,eres listo.,insekdiperpi nuka'ma,watensu' nuka'ma,eres duro.,U01303,G01134,medium,0.7752185463905334,0.6194007992744446,0.1558177471160888,7,shared_shiwilu_tokens
U01723,G01526,odio bailar.,luyulek lansa'ak,luyulek idenmaak,detesto pelear.,U02005,G01790,medium,0.8129833340644836,0.6078919768333435,0.2050913572311401,3,shared_shiwilu_tokens
U01724,G01526,detesto bailar.,luyulek lansa'ak,luyulek idenmaak,detesto pelear.,U02005,G01790,medium,0.8199735879898071,0.6185859441757202,0.2013876438140869,3,shared_shiwilu_tokens
U00473,G00388,escoge uno.,wadunker' ala'sa',ala'sa' luantulek,¡quiero uno!,U00549,G00455,medium,0.7173667550086975,0.5125448107719421,0.2048219442367553,2,shared_shiwilu_tokens
U00111,G00078,deténlo.,tu'neker',ta'tuler',cálmate.,U00284,G01027,hard,0.7798016667366028,0.7244469523429871,0.0553547143936157,3,very_close_margin
U01452,G01270,estoy desesperado.,perwatendusu' ñapalek,ñapalek sakek'su',estoy emocionado.,U00816,G00692,hard,0.778861939907074,0.6823721528053284,0.0964897871017456,3,shared_shiwilu_tokens
