anchor,positive,negative
¡qué fiasco!,¡enpu'ni dakuta'ipa'!,¡embu'ni mushipa'!
me niego.,luwanchi'nek,anu'lek
"lo que contaron he escuchado, que por causa del camino de moyobamba algunos se terminaron.","ta'ser lauktulek, asu' muyunpa inchilala malek, nu'unta' taketllina'.",ipa'leklanlek a'metchala nu'unta' chilenñusa' yullina' winenllusa' pa'a'ser nanalupa'.
puedo demostrarlo.,yennitulek a'lli'tak,yennitulek adanta'ak
¡déjale irse!,¡ta'ituler' pa'i!,¡weranker' uti'la!
preferiría morir.,chimin'ina'ka,luwantulek wichi'ak
¿quién ganó?,¿den'ina' kana'tulli?,¿den yunsu'lli?
no sonrías.,yayamerladata,yainyututama'
estuvo chevere.,ucha'paya ñapawiñi,pulunker' ñapawiñi
tom obedecerá.,tom latekte'chu,tom akusute'chu
nadie sabe.,ñiden ñinchichi'ñi,ñiden pek'klu'chi'ñi
¿es suficiente?,¿nanasa'cha iñer'?,¿pa'chi'ñin'cha?
lo compraré.,mape'chek,iyatulek
estoy enferma.,kaluwi'su' ñapalek,ukapisu' ñapalek
ahora sé.,ipa'la ñinchitulek,nanek pa'echek
tú prometiste.,kenma nu'techun tuwina,kenma wichi'wina'
estamos casados.,sadasu' ñapalek',mumusu' ñapallidek
¡estás enfermo!,!kaluwi'pala!,¡yawa'tentutama!
yo recuerdo.,kua lli'inutapalek,kua lamapu'lek
"otros, dice, hay dos lomas que parecen una boca abierta.",ali'limi'na katu'ta mutupi laweklatekkasu'pu'si'ma ñilli.,"nana malek imi'na, ala'sa' shaya' llillinen itullina' malallina,"
aléjate.,ñilupa'sha,neriker'
sigue caminando.,dek'kuntaper'pi'la,teka'per'i'la
pareces ocupado.,ma'nen'nu'tapa'masu'pu'su' lli'tula,yupa'masu'pu'su' lli'tula
estoy tosiendo.,chinku'palek,weranpi'nek
me gusta.,iyatulek,luyulek'
feliz pascua.,musu' paskua',¡musu' paskua'!
eso ayuda.,nana katu'patulli,nana katu'pa'techu
tom luchará.,tom idenmechu,tom akusute'chu
olvidémoslo.,pinaner'awa',nu'tulek'wa'
preparé cena.,kalutulek,kere'chek vinu'
eso ayudó.,nana katu'pa'tulli,nana katu'patulli
comeré aquí.,asek werenchek,saka'tapallek asek
¿me oíste?,¿lauk'lun?,¿muwiñin?
"arákayu, dice, era un shingurador.",arakayu ima pillektutek.,nanek imi'na pacher kelli u'ñishala shanchushala.
¿eres tú?,¿kenma'cha'?,¿kenma?
baja aquí.,nu'wanker' asek,mapu'sina asek'
eres inteligente.,iñer' ñinchitapala',tekua'tek nuka'ma
así nos han puesto.,nana nu'su' aku'llinerkenmu'wa'.,papinkumapu'wa'ku'lusa' nana nu'llina'.
estoy bailando.,lansa'palek,yanpu'lek
somos prisioneros.,sipuk'ñapallidek,uki'latek ñapallidek
trabajo aquí.,saka'tapallek asek,kencher' asek
¡ya párale!,¡pilli'ter' nanek!,¡ta'ituler' pa'i!
le ayudo.,katu'palek,mukankanku
como fruta.,ka'apalek wayupi,ka'lek manzanas
nos quedamos.,llia'terwa',perlli'llidek
aquí duele.,asek ikerlli,asu' analli
¡guarden silencio!,¡ta'tu'la'ku!,¡lupersu' ñapala!
escaparon todos.,iñer' chiyekllina',iñer'daper yamerladallina'
buenas.,mulusa',muetchun
¿está durmiendo?,¿wicha'palli?,¿ulanpallincha?
¡qué alivio!,¡enpu'ni mui'pa!,¡illiñi u'chimu!
les creo.,latekdeklek,iyatulek
¿estás lista?,¿insek'diperpi ñapala?,¿kerka' ñinchitapala?
funcionó.,saka'tulli,nupek'tulli
tom saludó.,tom tulli ma'pu'sin,tom waduñi
seré breve.,wiuksu' ñin'chek,wiuksu' lunpalek
tenemos esto.,a'ñapalekwa' asu',asek' pa'apilallidek
lo haré.,nu'techek,epa'echek
los encontré.,kanandeklek,ñinchituwinek'
continuemos.,tupitawa',adanta'wa'
estoy impresionada.,ñapalek imanantusu',inapilante'ñapalek
quiero intentarlo.,yateklerilek,ta'itula'u tekdiperechek
estoy dudando.,ku'la latektapi'nek,tekuawinek
sigue corriendo.,teka'per'i'la,dek'kuntaper'pi'la
nosotros esperamos.,kuda wa'tentulidek,luwantullidek
estábamos bromeando.,si'lentapawiñidek,ku'la yamerapiñidek
estás mintiendo.,tumu'pala,we'inutapalli
¿son hermanas?,¿kai'kualusa' nuka'mama'?,¿suntadulusa'cha?
tom escucha.,tom lauktapalli,tom lauki'lli
hablo francés.,lumpalek frances,a'lek'apalliner'ku frances
los culpables son los que abrieron el camino a moyobamba.,nana usha'wañen muyunpa inchilala ekketcherka'su'.,ipa'la asu' shaya'lusa' inllinsellina' asu' ladanenna'.
estás dormido.,wichi'su' ñapala,tasellun ñapala
de allí le tocó el turno a otro.,naneklima asu' ali'lima panta'lli.,itudek'an ima a'da'dekan ima itudeklli.
¡despierta!,¡nanpiker'!,¡indekker'!
pararon.,ta'itula'llina,aper'llina'
estamos bailando.,lansa'pallidek,lauk'tapallidek
eres paciente.,wa'tentutek nuka'ma,nantapitek ñiker'
tom prometió.,tom tekinchi'walek tulli,tom tumu'pawiñi
gracias.,yuspeinet'echun,muetchun
¿para llevar?,¿ekpa'ak?,¿lauk'lun?
tom palideció.,tom sha'pi'wiñi,tom peklu'tulli
¡qué pérdida!,¡embu'ni wer'ipa'!,¡embu'ni luwer'chi'ñi!
cómanse todo.,ka'ku' iñer',muisu' kankantula
¿estás trabajando?,¿saka'tapala?,¿kana'tapala?
necesito tiempo.,insek'dipersu' ñapi'nek,luwantulek katu'pa'
está nevando.,pulunker'wanpalli,sanek'apalli
no pares.,yataitula'ta,yatumu'ta
"¡apúrensen, muchachas!",¡wiuku' wilalunlusa!,¡tuku' ma'nen'unta'!
escribe libros.,llinsercher' kerka'lusa',lauk'apalek la'la'lusa'
nos reímos.,yamerlek'wa',iya'tulek'wa'
seamos valientes.,ñiawa' nantapitek lusa',yalli'walusa' nuka'kawa'
¡quédate tranquilo!,¡musu' llia'ker'!,¡lupersu' ñapala!
estás atascado.,da'sek'su' ñapala,aper'su' ñapala
ven entra.,weker' da'encher',wenller' kenmasa'
hemos llegado.,ektu'lekwa',tupitawa'
mantente despierto.,ñapaker' nanpiladasu',nantapitek' ñiker'
lo necesitamos.,luwantullidek,luwantulliden
¿lo harás?,¿nu'techu'?,¿a'pe'chapala?
repítemelo.,itununta'u,llinser'chu'u
te necesitamos.,luwantulliden,luwantuwiñen
ven temprano.,wenller' dasu'la,wenller' kenmasa'
enseño francés.,a'lek'tapalek frances,a'lek'apalliner'ku frances
son amarillas.,sha'pi'su'sa' nuker'ka,nuka'kawa taserpilusa'
sígueme.,tupi'tu'u,yamerku'
estoy estudiando.,kerka' ñinchitapalek,utrinwanpalek
estoy ayunando.,weranpi'nek,nakusu' weranek
he terminado.,a'ta'wantulek,ta'itulekchek
ellos atacarán.,nawa panper'chechuna',nawa' lanse'chuna'
solo pregunto.,lektapaleksa',ku'la tunansin
regresa.,adencher',lli'taper'i'la
lo entiendo.,lachek'apalek,latekdeklek
lo intentaste.,intek'lli'wina,luwantulliden
comamos sushi.,ka'awa' sushi,nu'tulekwa' waffles
me vieron.,lli'lliner'ku,wiperi'u
entonces les voy a contar. ¡escuchen!,enta' winterkenma'. ¡lawekku'!,nana'lek llipu'mutu'tan dei'tawa' nana wa'dan!
¿pueden andar?,¿yennitulama' dekkunta'mamak?,¿yennitapala dekkunta'mak?
descolgó.,u'nu'wañi,dekundunlli
mamá lloró.,awa wellek'lli,amu utek'wañi
tengo vino.,vinu' a'ñapalek,kerlliek vinu'
la llamé.,peklu'lek,lau'tulek
vendrán.,wenche'chuna',ekte'chechuna'
estudio coreano.,a'lek'apalliner'ku koreano,kanadiense nuka'a
sólo eso he hablado. ahora me voy a levantar y me voy a ir por otra parte.,nanasa' lunek. ipa'li'na kua yunsanpateku nellupa' pa'achek.,"ta'ser kuanta' wilaku ñamu lawektulek, ipa'la winta'pallenma'."
tomás entiende.,chuma lachek'lli,tomas tumu'palli
"¡apúrensen, muchachos!",¡wiuk'ku wilalusa'!,¡lli'ker' mupallinpa'!
¿es todo?,¿iñer'a'cha?,¿asu' a'cha?
así les dicen en otro idioma al castellano.,"itullina' ali'la'la'leklan, asu' kaschilla.",ipa'la asu' shaya'lusa' inllinsellina' asu' ladanenna'.
¿quiere bailar?,¿yalansa'lli?,¿iyatula?
"¡oye, aguarda!","¡lau'ker', wa'tenter'!",¡wanerker'! ¡apechutek!
¡qué confusión!,¡embu'ni luwer'chi'ñi!,!embu'ni we'inuipa'!
¿está ventoso?,¿nakusu' tanluwatulli?,¿aper'suku a'cha?
me divertí.,sakek'lek,aper'lek
¿eres nuevo?,¿naektu'kellia?,¿musu' ñapala?
son buenos.,u'chimulusa' nuker'ka,sha'mu'su' nuka'ma
manténganse abrigados.,i'shiwansu' ñapaku',ñapaker' nanpiladasu'
él aceleró.,apinta'a'tekalli,ala'sa' yalli' ektukerlli
a octavio le decían ukchapi.,octavio itullina' ukchapi.,tullima lansi' wa'dan uker'apan.
¿fue divertido?,¿mulli'ncha'?,¿chimiñi?
no discutan.,yainyututama',yayamerladatama'
está frío.,sanek'apalli,wapu' werampalli
lo buscaré.,dunker'echek,tekle'rilek'
"entonces, dice que había uno que entendía la lengua shiwilu.",da'ilek ala'si'mi'na lachik'apalli asu' shiwilu la'la'.,nana usha'wañen muyunpa inchilala ekketcherka'su'.
teníamos razón.,a'persu' ñapiñidek,ikinek'uklli werañidek
déjanos entrar.,ta'itula'udek yada'llidek,pa'awa' ekter'lupa'
lo entendieron.,lachek'llina',latektullina'
no duele.,ku'la iker'i'ñi,ku'la dai'nchu
yo contribuí.,kua katu'patulek,kua peklu'tulek
espera allí.,wa'tender' nanek,adipi wantenter'
era fabuloso.,u'chimu'ñiwiñi,welliek'apawiñi
sé puntual.,yatek'da'ta,nantapitek' ñiker'
todos pagaron.,iñer' panwilek'tullina',iñer'daper yamerladallina'
estaba furioso.,yupawinek,yawichi'winek
me traicionaste.,wa'danpilapilun,pinaner'u'ku
estamos despiertos.,nampilalasu' ñapalidek,sakeksu' ñapallidek
tengo diecinueve.,a'ñapalek shunka'iskun,ñapalek sadasu'
más alto.,a'pinta' musenkek,mullincha'
tom ganó.,tom kana'tulli,tom iduñi
trabajemos.,saka'tawa',saka'taterwa'
tú maneja.,kenma ekpa'ker',ta'iter' a'mercha
debo encontrarlo.,kanan'a'kasu' ñapalli,adanta'a'kasu' ñapalli
¿quién sos?,¿denkena'cha?,¿den a'cha?
reemplázalo.,a'pawilek'ker',de'a'merker'
¡gracias nuevamente!,¡yuspeinet'echun nanapu'si'la!,¡peklu'u ma'isik!
le perdonamos.,ta'itula'llidek,impaleriawa'
hazlo ahora.,nu'ter' ipa'la,llia'ker' nanek
¿puedo quedármelo?,¿yennitulek ek'llia'ak?,¿yennitulek katupa'tak?
¡me pellizcó!,¡sek'tek'lliu!,¡kana'tulek!
con eso vamos a golpear sus cabezas para matar a esos wiracochas!,nana'lek llipu'mutu'tan dei'tawa' nana wa'dan!,¡ma'allimi'na enpi' uklli llinserpi namasu' lunpa'kawa'su' ektu'nchinaa!
¿podemos probarlo?,¿yennitulekwa' lata'ak?,¿yennitula lunta'mak?
¿están ocupados?,¿yennichi'nama'?,¿insek'diperpi ñapalama'?
mejora.,tekdiperker,adencher'
como pan.,ka'apalek tanta',ka'lek manzanas
déjalo entrar.,ta'ituler' da'encha'i,ta'iter' a'mercha
es emocionante.,sakeknansu' nuka'a,mukankan'inpu' nuka'a
quien sea.,denpinta' ñi'i,nuka'a nana
soy neutral.,ñidenkinpu' nuka'ka,llinserchutek' nuka'ka
buenas tardes.,muer'wa,lau'ker' musu'
esperé.,wa'ten'nek',wa'tentechek
¡buen pensamiento!,¡u'chimu lli'inu!,¡enpu'ni mui'pa!
¿ayudaste?,¿katu'pa'tula?,¿peklu'tula?
¿juegas boliche?,¿indekllitapala bulichi?,¿empu'dun pichiapala?
no forcejees.,yanantapita,yayamerladatama'
continúe hablando.,lun'aper'pi'la,tuluner'aper'i'la
soy mujer.,ku'aper nuka'ka,mulun nuka'ka
estás loca.,wa'danpindek ñapala,da'sek'su' ñapala
están cansados.,saka'tusu' ñapallina',sha'pi'su'sa' ñapallina
juguemos.,indekllitawa',mu'pallidek'
ellos llamarán.,nawa' peklu'techuna',nawa' lanse'chuna'
obsérvalos.,lli'dek'ku',enchuku'
traeré vino.,kere'chek vinu',kerlliek vinu'
son especiales.,u'chimuinchilusa' nuker'ka,sha'pi'su'sa' nuker'ka
estoy acostumbrado.,ñapalek da'iyasu',ñapalek a'mechailusu
somos hombres.,enmu'pinen nuka'kudek,yalli'walusa' nuka'kawa'
conduce lentamente.,ekpa'ker' utila',ma'pu'su'pintak nu'ter
intenta hacerlo.,teklerier' nu'ta'mak,yennitula nu'ta'mak
¿puedes abrirlo?,¿yennitula ek'ker'cha'mak?,¿yennitula lunta'mak?
estate tranquilo.,musu' ñapaker',nantapitek' ñiker'
soy músico.,tuluner'cheku nuka'ka,lulentutek' nuka'ka
¡qué raro!,¡nerpi'la empu'nipa'!,¡embu'ni wer'ipa'!
sentate ahí.,du'ker' nanek,ta'ituler' asek
llego tarde.,erwa' ektu'lek,etu'kerlek er'wa
¿tienes uno?,¿a'ñapala ala'sa'?,¿wenche'chu nana?
tom mintió.,tom tumu'lli,tom lli'inutulli
ambos murieron.,nu'misansu' chimiñina',ñapawiñina' chimipi
¡quédate quieto!,¡lia'ker' yalenmekta!,¡lupersu' ñapala!
deberías descansar.,neria'masu' ñapalli,saka'techu watensu'
¿quiénes son?,¿denlusa'cha?,¿lu'wan'nun?
estoy gordo.,weipensu' ñapalek,chacha'lek ñapalek
déjame ir.,ta'itula'u pa'ak,ta'itula'u pae'chek
falló.,aper'lli,nakulli
aquí vienen.,asek uk'apilellina',asek ñapallina'
ve adentro.,paker' kinekla,da'ker' kinekla
estaba llorando.,welliek'apawiñi,yawichi'winek
es mes de navidad.,ñiñuduker' nuka'a,sawadu' nuka'a
tienen vino.,a'ñapallina' vinu',a'ñapala' vinu'
veamos.,lli'awa',lli'aterwa'
es verdad.,tekkinchi nuka'a,tumu' nuka'a
¡qué aburrimiento!,¡musu' kankanchi'nek!,¡embu'ni mushipa'!
estoy solo.,kuashasa' ñapalek,chacha'lek ñapalek
te oigo.,lauk'apallien,ma'ichin'chen
sigo vivo.,nanpi'palek'i'la,wiuksu' lunpalek
¡qué bonito!,¡embu'ni mushipa'!,¡empu'ni mushipa'!
eres nervioso.,tekua'tek nuka'ma,wa'danpintek ñapala
"de ahí, dice, ha quedado este pasto que hasta ahora conocemos.",naneklima llia'lli asu' wa'dan panpateklu' ipa'la walek luwetchapalekwa'.,"nanekla, ipa'li'na iñer inapu'su' pa'akwa' luwetllekwa'."
estoy quebrado.,nupek'pi ñapalek,kaluwi'su' ñapalek
después veremos.,nanekla lli'aterwa',ipa' lli'aterwa'
todos sonrieron.,iñer'daper yamerladallina',muisu' kankantullina
estate quieto.,yalenmekta',empu'ni yaluntama'
hasta luego.,pante'chek,kuanta'
tom enseña.,tom a'lektapalli,tom latekte'chu
"hey, cálmate.",lauk'la tuna'ker',"ma'a'tasu', lataker'"
¿puedo entrar?,¿yennitulek da'ak?,¿yennitulek ek'llia'ak?
tenemos planes.,a'ñapallidek ma'nen'un'ta' nu'tak,a'ñapallidek la'la'lusa' latek'ak
¿puedo ayudar?,¿yennitechek katu'pa'tak?,¿yennitulek katupa'tak?
¿estoy gordo?,¿weipensu' ñapalek?,¿wa'danpindek ñapala?
¡estás borracho!,¡lupersu' ñapala!,¡empu'ni mushipa'!
estaré contento.,musu' ñape'chek,musu' ñapechek
eso espero.,nana wa'ten'nek',nana katu'pa'techu
¿quién comió?,¿den'ina' ka'lli?,¿den wer'lli?
dia.,uklli,pa'a
ellos vendrán.,nawa' wenche'chuna',nawa panper'chechuna'
fue fácil.,saka'dekinpu' ñiwiñi,welliek'apawiñi
pórtate bien.,musu' ñiker,musu' dek'la
estamos satisfechos.,sakeksu' ñapallidek,welliek'apallidek
es lunes.,lunes nuka'a,sawadu' nuka'a
estamos ocupados.,a'ñapallidek dudimpu' nu'ta'kawa'su',saka'tusu' ñapalidek
luce pálido.,shapi'tek nuka'a,musuk'i'la lli'inuper'
ama cantar.,tantenñi tuluker'ak,ñinchitapalek tuluner'ak
malallina es la que nos ha hecho darnos cuenta.,malallina nu'su' a'lli'tullundek.,"malallina nana nu'su' a'kankantullundek,"
¡ha venido!,¡wek'lli!,¡dakuti'ñi!
¿es doloroso?,¿ikerli?,¿wichisu'a'cha?
durmiendo,wicha'palek,werampalek
escuchemos.,lauk'tawa',tuluner'awa'
practiquemos.,impaleriawa',tekle'rier'chidek
estoy comprendiendo.,lachek'apilalek,utrinwanpalek
"vamos, hazlo.","pa'awa, nu'ter'","pa'awa, nu'tuku'"
está vibrando.,pada'sa'tapalli,taserpitapilalli
sea breve.,empu'ni yalunta',wila mukankan
otro grupo se fue por ahí mismo queriendo conocer. volviendo ellos también hablaron.,"ali'la musu'nti'ma pa'lli nanalupa'pi'la, yaluwerkun. adencha'n nananta' luncha'lli.","nu'unti'ma kelluluñiñi'ler ka'deklli, pa'nunta'nni'ma ipa' di'tullina'."
estudio francés.,a'lek'apalliner'ku frances,francés nuka'a
estuvo cerca.,ñapawiñi kawik,ucha'paya ñapawiñi
este funciona.,asu' saka'techu',asu' tekdi'per'ker'
¡llámame después!,¡peklu'u ma'isik!,¡ta'itula'u pa'ak!
podemos esperar.,yinnitullidek wa'tentak,yennitulekwa' kana'tak
prometió.,nana tuwiñi nu'techu,iyatulli
lo procuramos.,tekle'rier'chidek,kerka' luntapallidek
debo regresar.,adanta'a'kasu' ñapalli,pa'a'masu' ñapalli
estamos perdiendo.,wer'apallidek,wer'su' ñapallidek
dormimos demasiado.,nakusu' wichi'llidek,sakeksu' ñapallidek
eras mío.,kuakin ñiwina,musu' ñapawina
lo intentaron.,indek'llina',latektullina'
es guapa.,mulunsha nuka'a,dadapu nuka'a
estamos disponibles.,inapi ñapallidek,a'ñapalekwa' da'lusa'
pareces molesto.,yupa'masu'pu'su' lli'tula,musuk'i'la lli'inuper'
eres parcial.,denlekpin'ta' ñapala,wichi'su' ñapala
estabas feliz.,musu' ñapawina,nanpiapamu wilawanek.
me incliné.,yen'ner'lek',pinaner'lek'
tom hablará.,tom lun'echu,tom lansa'palli
tom nadó.,tom iduñi,tom waduñi
huelo gas.,lanerapalek gas,nu'tulekwa' waffles
lo admito.,yan'katektulek,iyatulek
"¡imaginate, ellos sin saber leer!","enta'n, nawa' kerka' ñinchilli'npu'la'pi'na'.",¡empu'ni ñinchidinusu'ta'!
confesé.,lunnek,enmu'lek
nací aquí.,asek wadeklliner'ku,asek werenchek
"desde entonces, ahora todos uno y otro lugar nos vamos a conocer.","nanekla, ipa'li'na iñer inapu'su' pa'akwa' luwetllekwa'.","enta'n, nawa' kerka' ñinchilli'npu'la'pi'na'."
son primos.,i'inlusa' nuker'ka,iyasu'lusa' nuker'ka
quiero más.,a'pinta' luwantulek,iyatulek
¡no dispares!,¡yailantuta!,¡yaindektama'!
es irrelevante.,ma'kek'pachi'ñi,ñinchidinusu'nuka'a
agárrate fuerte.,pili'ker' ikersu',ninchiter' wapu'
jesús.,kishu,mulusa'
estamos hambrientos.,uki'latek ñapallidek,saka'tusu' ñapalidek
a los niños varoncitos los llamó.,wilalusa' enmu'pinenwawalusa' ima peklu'deklli.,ma'i silutulusa' dunkerllina'.
¿me equivoco?,¿aper'lek a'cha?,¿wa'latapalek?
buscaron a los yupaneros.,ma'i silutulusa' dunkerllina'.,amilusi'ma' willekllina' ukki'lanna'.
tom pagará.,tom panwilek'techu,tom latekte'chu
¿puedes encontrarlo?,¿yennitula kanan'a'mak?,¿yennitula lunta'mak?
estás enamorado.,yaku'aper'wana,yanu'tapala
todos mienten.,iñer' tumu'llina',muisu' kankantullina
nos robaron.,aperlliner'kudek,perlli'llidek
están trabajando.,saka'tapallina',kana'tapallina'
bebimos mucho.,nakusu' ullidek,nakusu' wichi'llidek
¿te gustó?,¿iya'tula?,¿muwiñin?
estoy herido.,chacha'lek ñapalek,kaluwi'su' ñapalek
jesús lloró.,kishu wellek'lli,yus nampipalli
podemos ganar.,yennitulekwa' kana'tak,luwantullidek kana'tak
¿son polis?,¿suntadulusa'cha?,¿tekinchi nuka'ma?
espera fuera.,adipi wantenter',tupiter' inpalerian
ahora recuerdo.,ipa'la lli'inutulek,ipa'la ñinchitulek
venga mañana.,weker' eklli,wenller' dasu'la
al convivir salí embarazada.,nanpiapamu wilawanek.,wilaluntamu sudawek kananek.
¡fantástico!,¡u'chimuinchi!,¡mupencha!
sé razonable.,inlli'inuter' musu',lu'uktutek'ken ñiker
queremos votar.,yadekllidek,kuda wa'tentulidek
solo continúa.,tupiter'sa',ta'iter' nakui
sigo estornudando.,a'shupalekpi'la,nerpi'pu' dekundapalek
véase arriba.,li'ker' musenkek,wek'ker' ipia'la
¿empiezo?,¿tenmiansu'chek?,¿ekpa'ak?
lo sabemos.,ñinchitapallidek,a'ñapallidek
tom charló.,tom lunñi,tom malla'lli
¿comés carne?,¿chuchu ka'a'pala?,¿a'ñapala cerveza?
no fumes.,yau'wa'tuta,ku'la dai'nchu
mantente cerca.,ñapaker' kawik,lauk'la tuna'ker'
quiero vivir.,yanampilek,yawelleklek
soy francés.,frances nuka'ka,nuka'a francesa
¿están listos?,¿insek'diperpi ñapalama'?,¿yunsansu' ñapala?
tengo dinero.,kulliker'wanpalek,kulliker'wi'nek
lo dudo.,latek'iñen,lu'wañen
comamos aquí.,weranwa' asek,neriawa' asek
usted prometió.,kenma tuwina nu'techu,kenma nu'techun tuwina
dios existe.,yus nampipalli,pawanpalli chuma
tom recordó.,tom lli'inutulli,tom kana'tulli
¿estudias?,¿kerka' ñinchitapala?,¿ilañiner'ken?
remontemos barriletes.,a'penu'wa' barriletes,ta'itula'dek'ku' idenmaina'
comimos juntos.,weranekwa' kenmu'lek,ku'la yamerapiñidek
los necesito.,luwantudek'lek,luwantuwiñen
tom asintió.,tom tulli ajá,tom indek'lli
comencemos.,tenmiansu'wa,ek'ker'chawa'
¿tienen hijos?,¿wilawanpalama'?,¿pumuladawanpalama'?
quiere más.,a'pinta' luwantulli,nana katu'pa'techu
¡por supuesto!,te'kinchi,!kaluwi'pala!
¿quién desapareció?,¿den wer'lli?,¿den yunsu'lli?
está fresco.,nalu ñapalli,wapu' werampalli
éramos amigos.,ekuanñiwiñidek,kawitusu' ñapawiñidek
entremos.,da'awa',ek'ker'chawa'
esto apesta.,asu' analli,asu' saka'techu'
es abogado.,chimidekpi nuka'a,ñiñuduker' nuka'a
puedo regresar.,yennitulek adanta'ak,yennitulek a'nañiak
¿lo harán?,¿nu'techuma'?,¿te'kuawina?
¡ponte serio!,¡ñiker' musu!,¡enpu'ni aperpipa'!
tom llegó.,tom ektu'lli,tom waduñi
vuelve aquí.,adencher' asek,ta'ituler' asek
te extrañamos.,lu'wanñiden,tu'nek'echidek
corre.,tek'ker',lli'ker'
ignoralos.,luwerchinpu'deker,kana'chi'ñina'
deja pasar.,ta'iter' nakui,ta'ituler' pa'i
soy tímido.,tekua'dande'ku,inapilante'ñapalek
están aquí.,asek ñapallina',nantapi'na
sigue positivo.,musuk'i'la lli'inuper',tupiter' inpalerian
soy panadero.,tanta' nu'tutek nuka'ka,wa'tentutek nuka'ka
¡no hables!,¡yalunta'!,¡yatumu'ta!
"por eso dice, una mujer llamada malallina9,","nana malek imi'na, ala'sa' shaya' llillinen itullina' malallina,","malallina nana nu'su' a'kankantullundek,"
tenemos visita.,a'ñapalekwa' da'lusa',kerka' luntapallidek
tom aplaudió.,tom inllipu'itek'latulli,tom lli'inutulli
¿está muerto?,¿chimiñi?,¿ñapalli muin'su?
déjalo ir.,ta'ituler' pa'i,nu'ter' ipa'la
simpatizo.,musu' lli'apalek,a'imanantulun
estoy jodiendo.,a'perchapalek,yayunsu'lek
soy casado.,sadasu' nuka'ka,apu'pi nuka'ka
tom recordará.,tom lli'inutechu,tom idenmechu
necesitamos ganar.,luwantullidek kana'tak,yinnitullidek katu'pa'tak
concéntrate.,lli'ker' musu',inlli'inuker'
"otros se han ido a quedar en un, este, pasto llamado chota.","ali'lima llia'kuñi ala'sa', ma'i, panpateklu' ima llillinen chota.","kenmami'na nana panpateklu' chota, chotanma'."
trabajaremos.,saka'taterwa',ek'ker'chawa'
te conocen.,luwer'chapalliñer'ken,lli'tula we'inutusu'
no lloren.,yawellektama',yayamerladatama'
te encontré.,kaper'llien,lli'echek
estamos atrapados.,pilli'pi ñapalekwa',yampu'su' ñapallidek
cuando nosotros perezcamos qué cosas quizá aparecerán dijeron antes.,kenmu'wa' chimiansikwa' ma'ilipa' lli'tetchu tullini'ma napi'.,tusu'sa' llillinlusa' napi' a'ñiwinekwa'.
¿nada nuevo?,¿ñimanen nalu?,¿ñapalli a'pinda'?
esperaré.,wa'tentechek,wa'tentapechek
necesito agua.,luwantulek dek',luwantulek saka'tak
es nuevo.,nalu' nuka'a,mulunsha nuka'a
estoy parado.,wanerapalek,tuna'su' ñapalek
descansemos aquí.,neriawa' asek,weranwa' asek
¡buen viaje!,¡paker' musu'!,¡u'chimu lli'inu!
síguele.,tupiter',uencher'
¡huele rico!,¡iyasu' lanelliek!,¡illiñi u'chimu!
tom saltó.,tom indek'lli,tom kana'tulli
¿quién escuchó?,¿den lauk'tulli?,¿den chi'yeklli?
"así han dicho antes los abuelos, las abuelas, tomando hasta la medianoche.","tullina' napi' papinkuku'lusa', amiku'lusa', ikineklli walek uwenna'.","nana malek imi'na, ala'sa' shaya' llillinen itullina' malallina,"
estoy flacucho.,sha'mu'su' ñapalek,wa'danpintek ñapalek
tú mantente.,llia'ker' kenma,kenma techu
respóndanme.,na'piu'ku,a'sakek'u
"ahora tal vez sólo el tigre negro hay, tengan mucho cuidado, no se deja ver más.","ipa'linchi kelluluñiñi'pa' ñapa'n, inlli'inuku', ya'nlli'tapi'ñi a'pinta'.","kenmu'wa' mutupi muda', kenmu'wa' ñi asu'lupa'dei'npu'."
se terminó.,ta'wan'tulli,u'lanñi
nos gusta.,iya'tulek'wa',lunñidek
está fingiendo comer.,intek weranpalli,ipia'la u'lenchu
ten seguridad.,latek'u,musu' sek'kaperechuner'ken
mira allí.,lli'ker' nanek,llia'ker nanek
lo prometió.,tuwiñi nu'techu,nana tuwiñi nu'techu
así vivieron cuántos años quizás.,nu'si'ma nanpillina' enpu'dun ekkilalei'pa'.,nana malallinapu'wa'su' ñillin iñer enmu'pinen.
fue real.,ñiwiñi tekinchi,nudu'pi ñiwiñi
la cogieron.,pilli'tullina',pilli'tullina
no esperé.,wa'tenchi'nek,yawellekta
sentémonos.,du'awa',dek'kuntawa'
no funcionó.,ku'la saka'chi'ñi,ma'kek'pachi'ñi
mantente abrigado.,i'shiwansu' ñaper',nantapitek' ñiker'
es delicioso.,iyasu' nuka'a,u'chimusha nuka'a
llegaran lejos.,wei ek'tue'chuna',saka'tullina' nakusu'
estamos limpios.,pekuipi ñapalidek,sakeksu' ñapallidek
estamos divorciados.,yanpu'su' ñapallidek,nampilalasu' ñapalidek
llegué tarde.,etu'kerlek er'wa,erwa' ektu'lek
canta.,tuluner'ker',uencher'
aguanta.,yan'katekter',kana'tula
¿estabas solo?,¿kenmasa' ñapawina?,¿kenmashasa' ñapala?
no fuma.,ku'la u'wa'ta'pi'ñi,ku'la ikerinchu
¿lo sabes?,¿ñinchitapala?,¿luwer'chapallien?
está listo.,insek'diperpi ñapalli,tekdiperpi ñapalli
los llamé.,peklu'deklek,lau'tulek
le preguntaron.,lek'kllina',latektullina'
¿puedes levantarte?,¿yennitula yunsan'a'mak?,¿yennitula ek'ker'cha'mak?
ahí se ha ido a quedar.,nanek ima ñikuñi.,nanek tawetchulli.
señálalo.,tañituker',a'sanek'ker'
tengo caspa.,añapalek kisek'mutu',ñapalek sadasu'
apunta. ¡fuego!,tañiter' . ¡pen!,¡wanerker'! ¡apechutek!
ella desapareció.,nana wer'lli,nana taserpitulli
demasiado tarde.,nakusuin'chi erwa',empu'duncha'
pruébatelo.,teklerier',tek'ker'
"todas esas cosas, porque dios quiere, estamos cambiando.","nanadaper ima, yus luwanta'su' malek, nana nu'apilalekwa'.","kenmu'wa' wapu'mu'wa', ma'ki'na asu' katu'shadapersa'."
vístete.,ishinwer',wenller'
¡hemos ganado!,¡kana'tullidek!,¡asek ñapallidek!
está envejeciendo.,taserpitapilalli,insek'lutenapalli
odia correr.,luyu'lli teka'ak,luyulek saka'tak
adoro aprender.,iyatulek ñinchitak,innitulek indek'ak
demuéstramelo.,a'lli'u,llinser'chu'u
¡ojalá alguna vez llegue escrito esto que estamos hablando!,¡ma'allimi'na enpi' uklli llinserpi namasu' lunpa'kawa'su' ektu'nchinaa!,nana'lek llipu'mutu'tan dei'tawa' nana wa'dan!
soy importante.,luwantulliner'ku,llinserchutek' nuka'ka
¿es dulce?,¿kaser'llincha?,¿iñer'a'cha?
quiero dinero.,luwantulek kulliker',luwantuwinek kulliker'
nademos.,idunwa',adanta'wa'
necesito hielo.,luwantulek sanek,wayusa' luwantulek
tomás desapareció.,chuma wer'lli,tomas inllipu'ite'lalli
tenía hambre.,uki'la a'ñiwinek,luwantulek saka'tak
estoy casado.,ñapalek sadasu',sadasu' ñapalek'
¿estás contento?,¿musu'cha ñapala?,¿musu' ñapala?
¿es popular?,¿luwer'pia'cha?,¿musu'cha ñapala?
estamos bien.,mu'pallidek',welliek'apallidek
¡aquí estamos!,¡asek ñapallidek!,¡pilli'pi ñapalekwa'!
estamos bromeando.,si'lentapallidek,lansa'pallidek
estamos asustados.,imantusu' ñapallidek,yampu'su' ñapallidek
somos gemelos.,insilan nuka'kawa',yalli'walusa' nuka'kawa'
¡no esperes!,¡yawa'tenta!,¡yaindektama'!
estoy descalzo.,inapilante'ñapalek,kaluwi'su' ñapalek
me asustas.,a'imanantulun,a'sakek'u
¿es privado?,¿sekipia'cha?,¿wichisu'a'cha?
¿son altos?,¿shipenlusa' nuker'ka?,¿enñupa'cha ñapalama'?
necesito descansar.,luwantulek neriak,luwantulek wichi'ak
se desmayaron.,muisu' kankantullina,inmusha'llina'
¿puedo visitar?,¿yennitulek lliak?,¿yennitulek lli'dek'ak?
olvídame.,pinaner'u,llinser'chu'u
él corrió.,nana tekaklli,nana katu'patulli
decí hola.,ma'pu'sin tuker',alantapalek kulliker'
comí demasiado.,nakusu' weranek,luwantulek saka'tak
¿tom ayudó?,¿tom katu'pa'tulli?,¿tom ñiwiñi?
"¡tom, respóndeme!","¡tom, na'piu!","tom, nanpiladalli"
está ocupado.,ipia'la yennichi'ñi,dek'kuntaper'pi'la
¿lo recuerdas?,¿lli'inutapala?,¿ilañiner'ken?
estaba equivocado.,pektunsu' ñapawinek,illiapalek'inpu ñapawinek
te extrañé.,lu'wañen,yen'ner'lek'
¿cuánto es?,¿enpuduncha?,¿den a'cha?
sobrevivirá.,chimillinkekla nanpichu,chiminllinkekla nanpiterwa'
tom obedeció.,tom latek'tulli,tom ektu'lli
están enojados.,yusu' ñapallina',nanpipallina'
olvídenme.,pinaner'u'ku,llinser'chu'u
están casados.,sadasu' ñapallina',kinekla' ñapallina'
¿es maestro?,¿a'lek'tutek' nuka'a?,¿tekinchi nuka'ma?
déjame arreglarlo.,ta'itula'u tekdiperechek,ta'itula'u lek'techek
tom ayudará.,tom katu'pa'techu,tom panwilek'techu
estaba atrapado.,pilli'pi ñapawinek,inanpilatek ñapawinek
despiertalos.,uchinande'ker,enchuku'
tom morirá.,tom chiminchu,tom idenmechu
le cogieron.,pilli'tullina,kanañina'
¿vendrá ella?,¿wenche'chu nana?,¿lli'la?
¿duele?,¿ikerlli?,¿ikerli?
tenemos perro.,a'ñapallidek ñiñi'wa,ka'llidek kadu'
nadie preguntó.,ñiden lekchi'ñi,ñiden pek'klu'chi'ñi
soy turco.,turku nuka'ka,turka nuka'ka
come mucho.,wapu' werampalli,musu' ñiker
¿estás levantado?,¿yunsansu' ñapala?,¿sakek'su' ñapala?
abre.,ek'ke'cher',uencher'
estoy atrapado.,ñapalek pilli'pi,ukapisu' ñapalek
somos adultos.,nuka'kawa taserpilusa',uki'latek ñapallidek
¿cuándo vamos?,¿enpi'a'cha pa'ater?,¿enpi'teke'chu?
¡qué lástima!,!embu'ni we'inuipa'!,¡embu'ni mushipa'!
"ni la piraña,","ñi dunan,",nana wer'lli
de acuerdo.,muetchun,kuanta'
¡qué encanto!,¡empu'ni mushipa'!,¡empu'ni luyaipa'!
fuera.,adipi,ishinwer'
sekputchek no era de buen corazón.,nana sekputchek ima nana mukankinpu'a'su'.,nanek imi'na pacher kelli u'ñishala shanchushala.
¡encantador!,¡mupencha!,¡nanpiker'!
compláceme.,a'sakek'u,peklu'u
es sábado.,sawadu' nuka'a,lunes nuka'a
la abracé.,wiperi'lek,peklu'lek
tenemos esos.,nanadaper a'ñapallidek,a'ñapalekwa' asu'
fracasé.,a'aper'lek',aper'lek
estás soñando.,wa'latapala,yanu'tapala
estamos perdidos.,wer'su' ñapallidek,lachek'insu' ñapallidek
"donde llumallun hemos ido a vivir, así dijo el otro.","llumallunkek ñikuñidek, tullima nana ali'la.","nanadaper ima, yus luwanta'su' malek, nana nu'apilalekwa'."
atacarán.,panper'echuna',ekte'chechuna'
no pagué.,panwilekchi'nek,ka'api'nek
comamos fuera.,adipi ka'awa',inapi ñapallidek
"vamos, levántate.","yunsanker', enchu","pa'awa, nu'ter'"
puedo sentirlo.,yennitulek lauk'ak,yennitulek a'nañiak
¿dónde estábamos?,¿enñupa'cha ñapawinekwa'?,¿inapi ñapala?
alguien llegó.,ala'sa' yalli' ektukerlli,amu utek'wañi
así a otros recriminan.,"nu'su' ali'ladaper llipetchullina',",kananna' nanasa' llikantullina' dei'tullina'.
has ganado.,kana'tula,yapa'lli
"no se están peleando, aunque no nos queremos mucho.","ñi idenmapi'ñina', ñi'na musu' intantennapi'ñidek kuda.","kenmu'wa' mutupi muda', kenmu'wa' ñi asu'lupa'dei'npu'."
es francesa.,nuka'a francesa,francés nuka'a
vienen.,uk'apilellina',kanañina'
volvamos.,adanta'wa',perlli'llidek
¿era divertido?,¿muwiñin?,¿chimiñi?
¿lo ves?,¿li'apala?,¿lli'la?
puedes irte.,yennitula pa'a'masu',yennitula nu'ta'mak
pasó.,nakulli,u'lanñi
"los lagos grandes se secaron,","shidek enñi,","panwalalan uklli,"
antes no. a augusto le decían akushupi.,napi'i'na ma'sha augusto itullina' akushupi.,naneklima asu' ali'lima panta'lli.
tom espiró.,tom deklli nerideknen,tom peklu'tulli
él gritó.,nana lamapu'lli,iyatulli
"desde entonces en adelante, poco a poco algunos barriobajinos se rabian cuando los barrioaltinos van por ahí.",ipa'leklanlek a'metchala nu'unta' chilenñusa' yullina' winenllusa' pa'a'ser nanalupa'.,naneklima llia'lli asu' wa'dan panpateklu' ipa'la walek luwetchapalekwa'.
¡compruébalo!,¡lli'ker' mupallinpa'!,¡inlu'uk'ter!
es mío.,kuakin nuka'a,chinu nuka'ka
nadie mintió.,ñiden tumui'ñi,ñiden pek'klu'chi'ñi
te mostraré.,alli'echen,yen'ner'lek'
¿estás bien?,¿mupalan'cha?,¿musu' ñapala?
ólvidalo.,pinaner'ker',tañituker'
¿está satisfecho?,¿musu' ñapalli?,¿sanekwantula?
¿firmaron?,¿llillinpenma' nu'tulama'?,¿te'kuawina?
falta tomás.,pawanpalli chuma,tomás saka'tapalli
¿puedes leer?,¿yennitula lunta'mak?,¿yennitula ek'ker'cha'mak?
soy médico.,lulentutek' nuka'ka,doktor nuka'ka
déjanos.,tai'tula'udek,lli'aterwa'
debo esconderme.,insek'kita'kasu'ñapalli,insek'dipersu' ñapi'nek
¡alto! ¡ladrón!,¡wanerker'! ¡apechutek!,tañiter' . ¡pen!
¡míralo!,¡lli'ker'!,¡ta'ituler'!
sé confiado.,lu'uktutek'ken ñiker,da'sek'su' ñapala
quiero hablar.,yalun'nek,luantapalundek
te necesitaba.,luwantuwiñen,luwantulliden
estoy horrorizado.,tekua'dansu' ñapalek,inapilante'ñapalek
regresa pronto.,adencher' wiuk'su',wek'ker' ipia'la
¿está dormido?,¿wichisu'a'cha?,¿wer'su' ñapala?
están vivos.,nanpipallina',yusu' ñapallina'
tom juró.,tom tulli,tom ektu'lli
¿pueden ayudarme?,¿yennitulama katupa'a'muk?,¿yennitula kanan'a'mak?
¿qué haremos?,¿ma'nen'a'cha nu'taterwa'?,¿ma'nen'nu'tula?
después me hicieron abuela.,nanekla amitullinerku.,nanek wadekllun awawek shiwiluk.
¡qué interesante!,¡empu'ni luyaipa'!,¡embu'ni mushipa'!
¿estás casado?,¿sadasu'cha ñapala?,¿yunsansu' ñapala?
sobrevivió.,chiminllinkekla nampilli,nudu'pi ñiwiñi
ellos bailarán.,nawa' lanse'chuna',nawa panper'chechuna'
viven allá.,nanek nanpipallina',asek ñapallina'
estábamos listos.,insek'diperpi ñapawiñidek,chiminllinkekla nampipalekwa'
estaba cansado.,saka'tusu' ñapawinek,yawichi'winek
está despedido.,saka'tunakla usu'llina,pada'sa'tapalli
están bailando.,lansa'pallina',tumu'pallina'
están despedidos.,saka'tunakla usu'dekllina',sadasu' ñapallina'
bebo café.,ulek wayusa',musu' paskua'
quiero descansar.,yanerilek,ñapalek sakeksu'
tom insistió.,tom a'perchulli,tom kana'tulli
esperaremos.,wa'tentaterwa',teka'per'aterwa'
hay reglas.,ñapalli la'la'lusa',lauk'apalek la'la'lusa'
encárgate tú.,kenma lli'ker',weker' da'encher'
estás estancado.,pilli'pi ñapala,wichi'su' ñapala
sé leer.,ñinchitapalek lun'ak,ku'la tunansin
cerramos temprano.,shampasik unku'tulekwa',asek' pa'apilallidek
apesta.,analli,aper'lli
puedo compartir.,yennitulek a'nañiak,yennitulek adanta'ak
explícamelo.,musu' wintu'u,llinser'chu'u
sigue mirando.,lli'taper'i'la,lauk'la tuna'ker'
quedé inconsciente.,lliya'lek inlli'inui'su',ñapawiñi kawik
presto dinero.,alantapalek kulliker',enka'deker' kulliker'
¿qué necesito?,¿ma'nen luwantulek?,¿yennitechek katu'pa'tak?
nos vemos.,inlli'ter,lli'aterwa'
¿están bien?,¿musu' ñapalama'?,¿chacha'wanpala?
estás invitado.,peklupi nuka'ma,insekdiperpi nuka'ma
me perdí.,awer'lek,aper'lek
¡increíble!,¡latek'i'nek!,!kaluwi'pala!
hizo trampa.,tumu'lli,dekundunlli
me ignoraron.,luwer'chi'ñiner'ku,ilanñiner'ku
¿puedes ayudarme?,¿yennitula katupa'a'muk?,¿yennitula kanan'a'mak?
hablen claramente.,lunku' lachek'ak,inlli'inuter' musu'
lo pintaremos.,llinserllidek,tu'nek'echidek
¿tenías miedo?,¿te'kuawina?,¿luwantapala?
estar atento.,insekdipersu' ñapaker',nantapitek' ñiker'
estoy calvo.,nuwek'mutu' ñapalek,kaluwi'su' ñapalek
hicimos waffles.,nu'tulekwa' waffles,nakusu' wichi'llidek
de esta manera ahora están olvidando la lengua shiwilu.,ipa'la nu'anna' ipa' shiwilu la'la' pinaner'apilallina'.,nana malallinapu'wa'su' ñillin iñer enmu'pinen.
¿puedes ver?,¿yennitulan'cha lli'ta'mak?,¿yennitula lunta'mak?
¿estás loco?,¿wa'danpindek ñapala?,¿musu'cha ñapala?
¡cálmate!,¡tuna'ker'!,¡yalunta'!
están conmigo.,kualek ñapallina',nanpipallina'
"tom, despierta.","tom, nanpiladalli",tom si'lentulli
vomité.,enmu'lek,yutulli
soy zurdo.,amennan nuka'ka,sadasu' nuka'ka
abajo.,dawik',adipi
estaré esperando.,wa'tentapechek,wa'tenchi'nek
no cantes.,yatuluner'ta,yatumu'ta
me matarán.,dei'techuner'ku,peklue'chenma'
tom estornudó.,tom a'shulli,tom peklu'tulli
fui arrestado.,pillituwiñinerku',perwatendusu' ñapalek
estoy embarazada.,kadulunsu' ñapalek,wa'danpintek ñapalek
hablo inglés.,lunpalek ingles,alek'apalliner'ku ingles
ellos votaron.,nawa dekllina',nawa' werañina'
ayudaremos.,katu'pa'taterwa',saka'taterwa'
ellos cenaron.,nawa' werañina',nawa' inyutullina'
tomás votó.,tomas dek'lli,tomas ekpa'lli
con placer.,sakeksu'lek,yayunsu'lek
entonces el cura ha traído santitos chiquititos.,nanek imi'na pacher kelli u'ñishala shanchushala.,naneklima asu' ali'lima panta'lli.
¡feliz año!,¡muek'kilala!,¡illiñi u'chimu!
tengo cerveza.,añapalek cerveza,vinu' a'ñapalek
voy saliendo.,yunsu'pilalek,si'lentapalek
déjame llevarlo.,ta'itula'u ekpe'chek,ta'itula'u pae'chek
¡suena genial!,¡illiñi u'chimu!,¡u'chimu lli'inu!
lo necesitas.,luantapala,luwantulliden
pregúntame mañana.,lek'ku ek'klli,etu'kerlek er'wa
soy japonés.,japones nuka'ka,finlandis nuka'ka
están celosos.,a'pisadatuteklusa' ñapallina',sadasu' ñapallina'
aprendí mucho.,ninchitulek wapu',kera'pilellek la'la'lusa'
¡no salten!,¡yaindektama'!,¡yatumu'ta!
necesitas ayuda.,katu'pa' luwantula,kanan'a'kasu' ñapalli
somos jóvenes.,nadi'nek nuka'kawa',yalli'walusa' nuka'kawa'
deberías ir.,pa'a'masu' ñapalli,adanta'a'kasu' ñapalli
"nosotros somos bastantes, ellos son doscitos nomas.","kenmu'wa' wapu'mu'wa', ma'ki'na asu' katu'shadapersa'.","ñi idenmapi'ñina', ñi'na musu' intantennapi'ñidek kuda."
podría caminar.,yennituwinasku dekkunta',yennitula pa'a'masu'
¡qué divertido!,¡empu'ni wa'danpintek'ipa'!,¡embu'ni mushipa'!
¿la conoces?,¿luwer'chapala?,¿luwer'chapallien?
desde una ciudad grande ha venido.,kupin ñinanlukla weklli.,nanek wadekllun awawek shiwiluk.
¡piérdete!,¡wer'ker'!,¡paku'!
necesito trabajar.,luwantulek saka'tak,luwantulek katu'pa'
"vino la vacamarina,","panwalalan uklli,",kerlliek vinu'
tomás bailó.,chuma lansa'lli,tomas ekpa'lli
guárdalo.,sekdiperker',a'tashunker'
"nosotros somos gente de cerro, nosotros no somos de aquí.","kenmu'wa' mutupi muda', kenmu'wa' ñi asu'lupa'dei'npu'.","ñi idenmapi'ñina', ñi'na musu' intantennapi'ñidek kuda."
mándenlo adentro.,aku'ku' kinekla,tupiter' inpalerian
estoy loco.,wa'danpintek ñapalek,inapilante'ñapalek
sonreí.,yamerladalek',yulek
quedate conmigo.,llia'ker' kualek,wek'ker' kualek
¿estoy calificado para el trabajo?,¿mupalek saka'tunanki?,¿yennitulek katupa'tak?
son huevos.,kadu'lusa' nuker'ka,wiuksu'lusa' nuker'ka
iremos.,pa'aterwa',lli'aterwa'
seré paciente.,wa'tentutek ñiechek,tuna'su' ñapalek
soy turca.,turka nuka'ka,turku nuka'ka
¿y tú?,¿kenma?,¿den?
me caí.,anu'lek,aper'lek
votemos.,dek'awa',adanta'wa'
¿puedo sentarme?,¿yennitulek du'ak?,¿yennitulek tenmiansu'ak?
tom nada.,tom idumpalli,tom wer'lli
¿estás emocionado?,¿sakek'su' ñapala?,¿yunsansu' ñapala?
sin comentarios.,ma'nen' ñi'ñi lun'ak',ku'la u'wa'ta'pi'ñi
no escuché.,lauk'i'nek,ñinchichi'nek
es falso.,tumu' nuka'a,nanapu'su' nuka'a
ganamos.,kana'llidek,adanta'wa'
ellos ayudarán.,nawa' katu'pa'techuna',nawa panper'chechuna'
sudaron.,elli'llina',da'llina'
lo necesito.,luantulek,a'ta'wantulek
¿estás enfermo?,¿kaluwipala?,¿sakek'su' ñapala?
no vengas.,yawencha'ta,ku'la nakui'nchu
tengo tiempo.,manennu'tapi'nek,nakusu' weranek
te perdono.,ma'ichin'chen,uchinande'ker
¿eres sordo?,¿luuktek' nukama?,¿musu' ñapala?
achícalo.,de'a'merker',ekte'cher'
perdónenos.,taitula'u'kudek,inmusha'wa'
bailemos.,lansa'wa',mu'pallidek'
déjame.,tai'tula'u,na'pi'u
sé nadar.,ñinchitapalek idun'ak,yatuluner'ta
arregla esto.,asu' tekdi'per'ker',teklerier' asu'
soy tom.,nuka'ku tom,tom nuka'a
tom rezó.,tom malla'lli,tom kana'tulli
siéntate aquí.,du'ker' asek,ta'ituler' asek
estamos cansados.,saka'tusu' ñapalidek,sakeksu' ñapallidek
tienes vino.,a'ñapala' vinu',kerlliek vinu'
¿es venenoso?,¿sulliman wanpalli?,¿wichisu'a'cha?
tengo hermanas.,utrinwanpalek,ñinchitapalek ma'tapallinpa'
¿estabas ocupado?,¿añapawinancha' ma'nen'un'ta' nuta'mak?,¿saka'tusu' ñapala?
dales dinero.,enka'deker' kulliker',luwantullina' kulliker
somos débiles.,saputek nuka'kudek,enmu'pinen nuka'kudek
¿quién murió?,¿den chimiñi?,¿den iduñi?
son inteligentes.,iñer' ñinchitulusa' nuker'ka,nuka'kawa taserpilusa'
almorzamos.,ikinek'uklli werañidek,yadekllidek
¿dónde están?,¿enñupa'cha ñapalama'?,¿inapi ñapala?
soy escritor.,llinserchutek' nuka'ka,lulentutek' nuka'ka
¿la conocen?,¿luwer'chapalama?,¿te'kuawina?
no copien.,nana pu'su' yanu'tutama',yatumu'ta
él miente.,nana tumu'palli,nana chimiñi
traje vino.,kerlliek vinu',a'ñapala' vinu'
"así vamos a estar viviendo pues ahora, otras gentes han entrado en jeberos.","nu'su' ñapilaterwa' enta' ipa'la, nermuda'lusi'pa' danker'kuñina' shiwiluk.","nanekla, ipa'li'na iñer inapu'su' pa'akwa' luwetllekwa'."
gritaron.,lamapu'llina',da'llina'
lo permitiré.,ta'itulekchek,iyatulek
tom escuchó.,tom lauk'tulli,tom lauki'lli
estoy nervioso.,amercha tekuasu' ñapalek,inapilante'ñapalek
quiero morir.,yachiminek,wichi'echek
es tarde.,er'wa nuka'a,sanek'apalli
necesito pintura.,luwantulek llinserchunan,a'pinta' luwantulek
¿estás embarazada?,¿kadu'lunsu' ñapala?,¿yunsansu' ñapala?
"bien ardió hasta el amanecer, quedó pura ceniza.","musui'ma ukllishin uksuketchulli, pendalu'sa' llia'lli.",nanek imi'na pacher kelli u'ñishala shanchushala.
sea paciente.,wa'tenker' a'mercha.,nantapitek' ñiker'
huelan esto.,lanerku' asu',a'ta'wantuku' asu'
la vacamarina.,panwalalan.,taserpitapilalli
no entiendo.,ku'la lachek'i'nek,ñinchichi'nek
¿estoy equivocada?,¿aper'suku a'cha?,¿weipensu' ñapalek?
di papa.,tuker' tata,adipi
se abrazaron.,inwiperi'llina',lachek'llina'
lo extraño.,lu'wanek,wa'danpintek
lo extrañaba.,lu'wanwinek,a'pawileklli
muéstrame eso.,a'lli'u nana,ta'ituler' asek
escríbeme.,llinser'chu'u,luwuk'tu'u
está sufriendo.,insek'lutenapalli,pulunker'wanpalli
todo bien.,iñer musu',musu' ñiker
sé despiadado.,lutanteninpu'ker',mumu'su' ñapaku'
puedes negarte.,ku'la tunansin,yennitula nu'ta'mak
solo bromeo.,si'lentapaleksa',empu'ni yaluntama'
tú dormías.,kenma wichi'wina',yalenmekta'
conversamos.,lunñidek,tuluner'awa'
entiendo.,lachekapalek,latekdeklek
tom ayudó.,tom katu'pa'tulli,tom ektu'lli
¿qué hiciste?,¿ma'nen'nu'tula?,¿ma'nen'a'cha nakulli?
no dolerá.,ku'la ikerinchu,ku'la nakui'nchu
sobreviví.,chiminllinkekla nampilek,yawichi'winek
estoy estornudando.,a'shupalek,inapilante'ñapalek
puedo ir.,yennitulek pa'ak,yennitulek adanta'ak
estoy perdida.,wer'su' ñapalek,neriapalek
estaba celoso.,apisadatutek ñapawinek,inanpilatek ñapawinek
lo miraré.,lli'echek,lli'dek'lek
soy feliz,musu' nampipalek,yawelleklek
¿está mal?,¿ñapalli muin'su?,¿chacha'wanpala?
apágalo.,a'tashunker',tañituker'
¿quién renunció?,¿den yunsu'lli?,¿den inllipu'iteklatulli?
te admiro.,kenmapu'su' ñiina'ka,a'imanantulun
lo odio.,luyulek',aper'lek
pónganlo allí.,aku'ku' nanek,ta'ituler' asek
es suyo.,kenmakin nuka'a,sawadu' nuka'a
soy principiante.,tenmiansu'palek,llinserchutek' nuka'ka
odio planchar.,empu'duncha',luyulek saka'tak
¿puedo tomarlo?,¿yennitulek pilli'tak?,¿yennitulek katupa'tak?
"encontrándole, a él nomás lo revolcaron golpéandolo y lo mataron.",kananna' nanasa' llikantullina' dei'tullina'.,"nu'unti'ma kelluluñiñi'ler ka'deklli, pa'nunta'nni'ma ipa' di'tullina'."
¿lo hiciste?,¿nu'tula?,¿naektu'kellia?
está mejorado.,tekdiperpi ñapalli,pulunker'wanpalli
qué dolor.,embu'ni iker'ipa',empu'ni lli'inek
estábamos cerca.,kawitusu' ñapawiñidek,pekuipi ñapalidek
corre rápido.,tek'ker' wiuk'su',paker' uti'la
sé valiente.,nantapitek ñiker',lu'uktutek'ken ñiker
¡he ganado!,¡kana'tulek!,¡yawichi'lek!
tuve suficiente.,a'ñiwinek nanasa',nutulek tanta'shala
¿tienes hijos?,¿wilawanpala'?,¿pumuladawanpalama'?
tomás condujo.,tomas ekpa'lli,tomas inllipu'ite'lalli
tom irá.,tom pa'echu,tom idenmechu
¿puedes andar?,¿yennitapala dekkunta'mak?,¿yennitula ek'ker'cha'mak?
déjame vivir.,taitula'u nanpiak,luwantulek wichi'ak
hasta acá nomás les he contado la lucha de malallina con los españoles.,nanek waleksa' winterkenma' asu' malallina idenma'su' ispaña la'la'lusa'lek.,"malallina nana nu'su' a'kankantullundek,"
la ayuda.,katu'pa',tañituker'
estoy limpio.,pekuipi ñapalek,sha'mu'su' ñapalek
estaba durmiendo.,wicha'pawinek,werampalek
¡pásenle!,enka'ku',¡paku'!
¡sujétalo!,¡pilli'ter'!,¡ta'ituler'!
quiero renunciar.,yayunsu'lek,yasaka'tulek
¿duele esto?,¿ikerlli asu'?,¿den kana'tulli?
¿vives aquí?,¿asek nanpipala?,¿inapi ñapala?
eso ayudará.,nana katu'pa'techu,nana saka'tapalli
¿cuántos murieron?,¿enpu'dun chimiñina'?,¿nakusu' tanluwatulli?
nos recordamos.,lli'inutapallidek,llinserllidek
quiere ir.,yapa'lli,pada'sa'tapalli
tom recuerda.,tom lli'inutapalli,tom lli'inutechu
¡de pie!,¡wanerker'!,¡pen!
¿respira?,¿neriapalli?,¿ulanpallincha?
memorízalo.,sekdiperker' mutu'penkek,de'a'merker'
sé discreto.,luntek yañita,nantapitek ñiker'
ellos aplaudieron.,nawa' inllipu'iteklatullina',iñer'daper yamerladallina'
estoy saludable.,ñapalek mudinusu',sha'mu'su' ñapalek
¡es estupendo!,¡u'chimuinchi nuka'a!,¡empu'ni mushipa'!
me resfrié.,iluwinek,yawichi'lek
¡haz ruido!,¡a'illinker'!,¡lupersu' ñapala!
es blanco.,dadapu nuka'a,nalu' nuka'a
él habló.,nana lunñi,nana lamapu'lli
son rápidos.,wiuksu'lusa' nuker'ka,u'chimuinchilusa' nuker'ka
sigue cantando.,tuluner'aper'i'la,lansa'per'i'la
prepárate.,insek'diper'ker',teka'per'i'la
besémonos.,inmusha'wa',inlulen'awa'
¿estás sola?,¿kenmashasa' ñapala?,¿yunsansu' ñapala?
tom llorará.,tom wellek'echu,tom akusute'chu
¿estás dormido?,¿wichi'su' ñapala?,¿wer'su' ñapala?
ellos gritaron.,nawa lamapu'llina',iñer'daper yamerladallina'
tom mentía.,tom tumu'pawiñi,tom tumu'lli
tráelo aquí.,kencher' asek,saka'tapallek asek
eras simpático.,u'cha'paya ñiwina,ñapaker' musu'kankantusu'
eso duele.,nana ikerlli,asu' analli
¿cuándo correrás?,¿enpi'teke'chu?,¿enpi'a'cha pa'ater?
¿quién vino?,¿den uk'lli?,¿den yunsu'lli?
soy codicioso.,iñer' luantulek wapu',kirka'ñinchitutek nuka'ka
quiero este.,asu' luwantulek,luwantulek asu'
¡qué humillante!,¡empu'ni dakuta!,!embu'ni we'inuipa'!
pronto lloverá.,ipia'la u'lenchu,nanekla lli'aterwa'
nadie gritó.,ñiden lamapui'ñi,ñiden tumui'ñi
me acobardé.,sapulek,a'sakek'u
hablo rápido.,wiuksu' lunpalek,nakusu' wichilek
estamos encerrados.,unku'pi ñapallidek,pilli'pi ñapalekwa'
estamos seguros.,musu'lu'ukpi ñapallidek,imantusu' ñapallidek
dámelo.,enka'u,de'a'merker'
esperaron.,wa'tentullina',na'pitechuna'
es rojo.,pipersu' nuka'a,nalu' nuka'a
estaban muertos.,ñapawiñina' chimipi,nu'misansu' chimiñina'
fui bienvenido.,musu' sekaper'llinerku,mumu'wanbalek
cantemos.,tuluner'awa',adanta'wa'
nadie vino.,ñiden u'i'ñi,ñiden tumui'ñi
necesito respuestas.,luwantulek na'pia'musu',luwantulek llinserchunan
me corto.,indei'techek,llinser'chu'u
estaba escuchando.,lauk'tapawinek,utrinwanpalek
yo invito.,kua peklu'tulek,yan'katektulek
fallamos.,aper'llidek,perlli'llidek
"ten, pruébatelo.","ma'a'tasu', lataker'","pa'awa, nu'ter'"
gritó arákayu.,lukatullima arakayu.,nanekla amitullinerku.
adelántante,ekte'cher',a'nambiker'
dolor,iker,uklli
compartimos ideas.,a'nañiwa' lli'inulusa',a'ñapallidek la'la'lusa' latek'ak
"hasta aquí nomás les voy a contar sobre moyobamba. jeberos, julio 2007",nanek waleksa' winterkenma' asu' muyunpaki.,napi'i'na ma'sha augusto itullina' akushupi.
estoy caliente.,ukapisu' ñapalek,sha'mu'su' ñapalek
tenemos hambre.,uki'lallidek,saka'tusu' ñapalidek
¿me extrañaste?,¿lu'wan'nun?,¿ta'itule'chuner'ku?
odio trabajar.,luyulek saka'tak,luwanchi'nek
siendo señorita encontré marido.,wilaluntamu sudawek kananek.,"malallina nana nu'su' a'kankantullundek,"
ahí se fueron a vivir los laulates12.,nanek ima ñikuñi laweklateklusa'.,naneklima asu' ali'lima panta'lli.
tomás miente.,tomas tumu'palli,tomás saka'tapalli
se desmayó.,muisu' kankatulli,dekundunlli
tomás trabaja.,tomás saka'tapalli,tomas tumu'palli
te mataré.,dei'techen,ma'ichin'chen
ten cuidado.,inlu'uk'tuker',wa'tenker'la
en verdad le dijeron:,tekkinchima itulli:,arakayuler itudeklli:
estás tratando.,yanu'tapala,we'inutapalli
¡feliz pascua!,¡musu' paskua'!,musu' paskua'
soy inocente.,ma'nen nu'chi'nek,llinserchutek' nuka'ka
aquí está.,asek' ñapalli,asek a'ñapala
"ahora vamos a vivir así, ahora ya no vamos a pandillar todo el pueblo.","nu'su' ipa'la ñaterwa', ñi kenmu'wa' ipa'la chu'kenapi'nterwa' iñer ñinanlu'.","kenmu'wa' mutupi muda', kenmu'wa' ñi asu'lupa'dei'npu'."
necesito esto.,luwantulek asu',asu' luwantulek
muévase ya.,lenme'ker' ipa,ta'ituler' nakui
nos estamos muriendo.,chimianpilallidek.,uki'lallidek
olvídalo ya.,ipa' pinanerker',ta'ituler nanek
¿estás ganando?,¿kana'tapala?,¿saka'tapala?
¡contrólate!,¡inlu'uk'ter!,¡ta'ituler'!
nos preparamos.,insek'diperlekwa',teka'per'aterwa'
tom baila.,tom lansa'palli,tom lauktapalli
grité.,lamapu'lek,ishinwer'
no hables.,yalunta',yalli'tama
te escucharé.,lauk'echen,tuluner'echek
están amarillos.,sha'pi'su'sa' ñapallina,sadasu' ñapallina'
huele bien.,u'chimu lanelliek,iñer musu'
leo libros.,luntulek kerka'lusa',lauk'apalek la'la'lusa'
escucho voces.,lauk'apalek la'la'lusa',kera'pilellek la'la'lusa'
son ricas.,iyasu'lusa' nuker'ka,i'inlusa' nuker'ka
¿puedo salir?,¿yennitulek yunsu'ak?,¿yennitulek katupa'tak?
pidan ayuda.,lektuku' katu'pa',saka'tullina' nakusu'
los del grupo del malallina entraron y encontraron solamente a sekputchek.,nana malallinalek ñapalusi'mi'na danker'kuñina' kani'ñina' sekputcheksa'.,"pi'tandulaler ima pata'kankañi asu' malallina, tullina'nta'."
quiero comer.,yawerannek,kanandeklek
no miren.,yalli'tama,yatuluner'ta
¿pueden vernos?,¿yennitullina lli'er'kenmuak?,¿llillinpenma' nu'tulama'?
comprueba esto.,teklerier' asu',lanerku' asu'
tom canta.,tom tuluner'lli,tom lansa'palli
deberíamos ganar.,kana'ta'kawa'su' ñapalli,luwantullidek kana'tak
llevémonos bien.,in'ekpa'wa' musu',kenma wichi'wina'
tom renunció.,tom yunsu'lli,tom deklli nerideknen
sonrían.,yamerku',yalunta'
usa esto.,pata'ker' asu',lanerku' asu'
¡quieto ahí!,¡yalenmekta nanek!,¡pilli'ter' nanek!
¡buen tiro!,musu' dek'la,¡paker' musu'!
¿debo continuar?,¿tupite'chekpi'la?,¿yennitulama' dekkunta'mamak?
¿estabas allí?,¿nanek ñapawina?,¿asek nanpipala?
tom decidió.,tom waduñi,tom katu'pa'tulli
deja sitio.,ta'iter' a'mercha,nu'ter' ipa'la
¿está roto?,¿nusha'tusu' ñapalli?,¿kaser'llincha?
dejame hablar.,ta'itula'u lun'echek,ta'itula'u du'echek
es idéntico.,nanapu'su' nuka'a,mukankan'inpu' nuka'a
es tom.,tom nuka'a,nuka'ku tom
pareces triste.,lli'tula we'inutusu',we'inutusu' ñapala
estoy leseando.,si'lentapalek,lansa'palek
"a algunos se los comió el tigre negro, cuando volvieron a ir los mataron.","nu'unti'ma kelluluñiñi'ler ka'deklli, pa'nunta'nni'ma ipa' di'tullina'.",nana malallinalek ñapalusi'mi'na danker'kuñina' kani'ñina' sekputcheksa'.
siempre ríe.,nerpi'pu' yamer'ker,yamerladaper'i'la
están mintiendo.,tumu'pallina',lansa'pallina'
no servirá.,ku'la pa'chinchu,yataitula'ta
me enfadé.,yulek,enmu'lek
es divertido.,wa'danpintek,mukankan'inpu' nuka'a
curémonos.,inlulen'awa',lek'kawa'
no sonrían.,yayamerladatama',yainyututama'
lo siento.,we'inu,anu'lek
te desmayaste.,muisu' kankantula,lutanteninpu'ker'
esperará.,wa'tentechu,wa'tenker'la
seguí practicando.,tupitulek inpaleriamu,tuker' tekinchiwalek
puedes hablar.,yennitula lun'a'mak,yennitula nu'ta'mak
está ahí.,nanek ñapalli,asek' ñapalli
¿fue tom?,¿tom ñiwiñi?,¿ñapalli tom?
con su padre les he criado.,papinalek teksusudeklek.,nanekla amitullinerku.
ya veremos.,ipa' lli'aterwa',lli'aterwa'
necesitamos dinero.,kulliker' luwantullidek,luwantullina' kulliker
¿viven aquí?,¿asek nanpipalama'?,¿inapi ñapala?
escuché.,lau'tulek,lli'echek
¿tienes cerveza?,¿a'ñapala cerveza?,¿inapiken ñapala?
¿quiénes sois?,¿denlusa'acha?,¿asek nanpipalama'?
tom respondió.,tom na'pitulli,tom kana'tulli
no mientas.,yatumu'ta,yatuluner'ta
quédate ahí.,nanek llia'ker',ta'ituler' asek
leo labios.,ñinchitapalek ma'tapallinpa',ulek wayusa'
¿quién gritó?,¿den lamapu'lli?,¿den chi'yeklli?
estoy descansando.,neriapalek,nakusu' weranek
había nevado.,pulunker' ñapawiñi,ñapawiñi kawik
¿está mirando?,¿lli'tapalli?,¿luwer'chapalli?
tom aceleró.,tom nakusu' a'teka'lli,tom ektu'lli
era negro.,kerpi'a'cha',nudu'pi ñiwiñi
¡fuego!,¡pen!,¡paku'!
necesitas esto.,luwantula asu',luwantulek asu'
aquí tienes.,asek a'ñapala,asek' ñapalli
tomás llamó soplando hoja.,chuma peklu'tulli penmek'tan,tullima lansi' wa'dan uker'apan.
vente.,wenller',wintu'u
¡socorro! ¡auxilio!,¡katu'pa'! ¡katu'pa'!,¡wanerker'! ¡apechutek!
soy obeso.,weipensu' nuka'ka,ku'aper nuka'ka
los tenemos.,a'ñapalekdekwa',tupitawa'
soy cocinero.,kalu'tutek' nuka'ka,ku'aper nuka'ka
¿es grave?,¿nu'la'lli?,¿wichisu'a'cha?
vaya despacio.,paker' uti'la,wek'ker' ipia'la
está fingiendo.,intek apalli,insek'lutenapalli
¡está listo!,¡insek'diperpi ñapalli!,¡yaindektama'!
rieron.,lumer'llina',da'llina'
¡estamos atrapados!,¡pilli'pi ñapalekwa'!,¡asek ñapallidek!
duele.,ikerlli,nakulli
déjale pasar.,ta'ituler' nakui,ta'iter' a'mercha
es dudoso.,latek'inpu'su' nuka'a,ñinchidinusu'nuka'a
fuiste valiente.,nantapitek ñiwina,denipa' peklu'tulli
nos rendimos.,yennichi'nek'wa',llinserllidek
seré libre.,inapi ñechek,musu' ñape'chek
¡habla conmigo!,¡lunker' kualek!,¡muek'kilala!
estoy preparado.,ñapalek insekdipersu',ñapalek a'mechailusu
estamos organizados.,mumusu' ñapallidek,a'ñapalekwa' da'lusa'
quiero ayudar.,yakatupa'tulek,yanampilek
soy olvidadizo.,pinanerchek'ku nukaka,iñer' ñinchitapalek
¿qué dijo?,¿ma'tulli?,¿nu'la'lli?
estaba desnudo.,inanpilatek ñapawinek,illiapalek'inpu ñapawinek
"y ustedes los de la pampa chota, ustedes son chota.","kenmami'na nana panpateklu' chota, chotanma'.","nana malek imi'na, ala'sa' shaya' llillinen itullina' malallina,"
las viejitas lloraban de hambre.,amilusi'ma' willekllina' ukki'lanna'.,ma'i silutulusa' dunkerllina'.
se besaron.,inmusha'llina',yalunta'
empieza aquí.,tenmian'suer' asu',ta'ituler' asek
¿me permiten?,¿ta'itule'chuner'ku?,¿yennitulekwa' lata'ak?
yo grité.,kua lamapu'lek,kua peklu'tulek
déjelo ahí.,ta'ituler nanek,llia'ker nanek
¡digan algo!,¡tuku' ma'nen'unta'!,¡tuker' ma'nen'unta'!
traed comida.,kencher' weran,enka'deker' kulliker'
son amigos.,ekuanlusa' nuker'ka,iyasu'lusa' nuker'ka
detente ahí.,llia'ker' nanek,linsercher' asek
¿dónde estás?,¿enñupa'cha ñapala?,¿inapi ñapala?
escoge uno.,wadunker' ala'sa',wila mukankan
perdieron.,kana'chi'ñina',luwanchi'ñina'
podemos hablar.,yinnitullidek lunnak,yakatu'pa'llidek
déjelo aquí.,ta'ituler' asek,nu'wanker' asek
paremos aquí.,wanerawa' asek,weranwa' asek
caminemos.,dek'kuntawa',mu'pallidek'
no como.,ka'api'nek,yatek'da'ta
estoy comprometida.,ñapalek ala'sa' enmu'pinenlek,ñapalek imanantusu'
ya me voy.,pantetchek.,nanek pa'echek
¡te amo!,¡luantullien!,¡u'chimu!
escucha atentamente.,lau'ker' musu',lauk'la tuna'ker'
no pico.,ku'la ek'kuanpinek,ku'la ikerinchu
baila conmigo.,lansa'ker' kualek,llia'ker' kualek
se quebró.,nupek'tulli,yutulli
hazlo ahoritita.,nu'ter' ipia'lashinchi,musuk'i'la lli'inuper'
parecen felices.,lli'tullina' musu',uku'latapalli wayupilusa'
¿está tom?,¿ñapalli tom?,¿tom ñiwiñi?
adoro ganar.,iyatulek kana'tak,iyatulek ñinchitak
hazlo rápido.,wiuk'su' nu'ter',tek'ker' wiuk'su'
eres guapa.,mulunsha nuka'ma,u'chimu nuka'ma
siempre camino.,nerpi'pu' dekundapalek,empu'ni yaluntama'
despierta.,nanpiker',neriker'
estoy soltero.,ku'aper'wi'nek,nuwek'mutu' ñapalek
estaba despierto.,ñapawinek nanpiladasu',inanpilatek ñapawinek
estoy levantado.,yunsansu' ñapalek,ñapalek a'mechailusu
lo sabía.,ñinchituwinek',yen'nichina'ka
somos médicos.,lulentutek nuka'kawa',inlu'uk'tutek nuka'kawa'
prohibido pasar.,ku'la nakui'nchu,kana'ta'kawa'su' ñapalli
¿ha venido?,¿ukllin'cha?,¿nu'la'lli?
necesito dormir.,luwantulek wichi'ak,luwantulek neriak
necesito café.,wayusa' luwantulek,luwantulek saka'tak
se equivocan.,aper'llina',kana'chi'ñina'
túmbate.,anu'ker',tupiter'
nuestros abuelos finados ellos han sido así.,papinkumapu'wa'ku'lusa' nana nu'llina'.,nana malallinapu'wa'su' ñillin iñer enmu'pinen.
quieto.,du'la'ker',keritu'u
eres bueno.,u'chimu nuka'ma,sha'mu'su' nuka'ma
estoy apurado.,wiuk'apalek,inapilante'ñapalek
"ahora se escoge los nombres leyendo en papel, a veces.","wadunek kerkek lli'amu llillinlusa', nerpi'pu'.","enta'n, nawa' kerka' ñinchilli'npu'la'pi'na'."
dímelo.,wintu'u,pinaner'u
andamos mucho.,dek'kuntapallidek' wapu',nakusu' wichi'llidek
¡hagámoslo!,¡nu'tawa'!,¡saka'dek!
¿estoy soñando?,¿wa'latapalek?,¿weipensu' ñapalek?
es canadiense.,kanadiense nuka'a,nuka'a francesa
no duerme.,ku'la wicha'pi'ñi,yawellekta
¿te conozco?,¿luwer'chapallien?,¿wa'latapalek?
ha cambiado.,a'pawileklli,dekundunlli
¿puedo besarte?,¿yennitulek musha'a'kik?,¿yennitulek yunsu'ak?
tú decides.,kenma techu,kenma wichi'wina'
más despacio.,a'pinta' uti'la,empu'duncha'
¿puedo participar?,¿yennitulek katupa'tak?,¿yennitulek tenmiansu'ak?
pueden irse.,yennitulama' pa'a'mama'su',yennitula' idun'a'mak
pareces loco.,wa'danpintek'pu'su' lli'tula,musuk'i'la lli'inuper'
como aquí.,mapu'sina asek',asek a'ñapala
¿les gustó?,¿iya'tulama?,¿yalansa'lli?
estoy desesperado.,perwatendusu' ñapalek,inapilante'ñapalek
está nublado.,pulunker' wanta'palli,sanek'apalli
¿quién?,¿den?,¿kenma?
¡salta!,¡indekker'!,¡mupencha!
sé positivo.,inlli'inuter' musuk,lu'uktutek'ken ñiker
estate contento.,ñapaker' musu'kankantusu',nantapitek ñiker'
¿lo tienes?,¿a'ñapala?,¿lauk'lun?
dijo el duende puro hueso mientras se quemaba.,tullima lansi' wa'dan uker'apan.,"musui'ma ukllishin uksuketchulli, pendalu'sa' llia'lli."
caminaron.,dek'kuntullina',peklu'tullina'
te detesto.,luyullien,llinser'chu'u
así nomas han sido antes.,nu'su'sa' ñillina' napi'.,papinkumapu'wa'ku'lusa' nana nu'llina'.
te vi.,lli'llien,wintu'u
sean breves.,empu'ni yaluntama',empu'ni yalunta'
eres duro.,watensu' nuka'ma,wichi'su' ñapala
escucharon.,lau'tullina',lek'kllina'
¿puedo unírmeles?,¿yennitulek piper'an'masu'?,¿yennitulek yunsu'ak?
hazlo ahorita.,nu'ter' ipia'la,musuk'i'la lli'inuper'
nos traicionaste.,wa'danpilapilundek,pillituwiñinerku'
"yo, también.",kuanta',enka'u nana
ahora ayúdame.,ipa'la katupa'u,ta'itula'u pae'chek
¿quién es?,¿den a'cha?,¿asu' a'cha?
¿quién viene?,¿den u'apilelli?,¿den a'cha?
déjame ayudarte.,taitula'u katu'pe'chen,yennitulek katu'pa'a'kik
¡para!,¡ta'ituler'!,¡pen!
no sé.,ñinchichi'nek,lauk'i'nek
no esperes.,yawa'tentuta,yainyututama'
lo intenté.,tekle'rilek',ta'itulekchek
¿me conoce?,¿luwer'chapalun?,¿wa'latapalek?
lo hice.,nu'tulek,lli'echek
aquí vamos.,asek' pa'apilallidek,adipi ka'awa'
hace frío.,sanek'wañi,sanek'apalli
¡lo adoro!,¡tante'ñek!,¡yawichi'lek!
primero comamos.,nanentu weranwa',asek' pa'apilallidek
¿tienen arroz?,¿pumuladawanpalama'?,¿inapiken ñapala?
soy chino.,chinu nuka'ka,finlandis nuka'ka
mejor vete.,a'pimuechu paker',ma'pu'sin tuker'
estaría agradecido.,yuspeine'pi ñapina'ka,yennituwinaskudek dek'kuntak
cuenta conmigo.,kua katu'pekchen,lansa'ker' kualek
se quemó.,uker'lli,yutulli
¿nos vamos?,¿pa'ater'?,¿nu'techu'?
estamos escuchando.,lauk'tapallidek,kerka' luntapallidek
terminen esto.,a'ta'wantuku' asu',lanerku' asu'
es ese.,nuka'a nana,asu' nuka'a
soy paciente.,wa'tentutek nuka'ka,llinserchutek' nuka'ka
trabajas duro.,saka'techu watensu',ñapaker' nanpiladasu'
¿es médico?,¿lulentuteken'a'cha?,¿lulentutek'a'cha?
cógelo.,maker',anu'ker'
¿qué ocurrió?,¿ma'nen'a'cha nakulli?,¿den kana'tulli?
¡buen trabajo!,¡musa'ka'tuna!,¡empu'ni mushipa'!
ellos caminaron.,nawa dek'kuntillina',nawa panper'chechuna'
cayeron.,anu'llina',aper'llina'
estás delgado.,sha'mu'su' nuka'ma,wichi'su' ñapala
puedo cantar.,ñinchitapalek tuluner'ak,iyatulek kana'tak
es adorable.,u'chimusha nuka'a,tekua'tek nuka'ma
¿hay más?,¿ñapalli a'pinda'?,¿lu'wan'nun?
fue repugnante.,nudu'pi ñiwiñi,u'chimu'ñiwiñi
debería venir.,wencha'winsu',tuwiñi nu'techu
lo tengo.,a'ñapalek,anu'lek
el ají pica,nuka' ikerlli,dadapu nuka'a
soy vago.,perchek' nuka'ka,ku'aper nuka'ka
soy bueno.,mukankanku,mulun nuka'ka
estoy mojada.,wiwerapalek,sha'mu'su' ñapalek
¡qué curioso!,¡empu'ni ñinchidinusu'ta'!,¡embu'ni mushipa'!
bienvenido.,muwencha'ker',muetchun
estaré solo.,kuasa' ñapechek,kuashasa' ñapalek
te salvaremos.,a'chiyek'echiden,saka'taterwa'
respóndeme.,na'pi'u,a'uktu'u
funciona.,saka'tulli.,tekdiperker
se negaron.,luwanchi'ñina',kana'chi'ñina'
comí manzanas.,ka'lek manzanas,nutulek tanta'shala
estoy débil.,mudinui'su' ñapalek,inapilante'ñapalek
ven a beber,uencher',a'ñapala' vinu'
deberíamos ayudar.,katu'pa'tuwinansu',yinnitullidek katu'pa'tak
le gustó.,iyatulli,a'pawileklli
no interfieras.,yatu'nektuta,yainyututama'
estás equivocado.,aper'su' ñapala,denlekpin'ta' ñapala
tom perdió.,tom kana'chi'ñi,tom iduñi
guarda esto.,sek'diperker' asu',lanerku' asu'
buen chico.,wila mukankan,mulunsha nuka'a
soy estudiante.,kirka'ñinchitutek nuka'ka,lulentutek' nuka'ka
sigan corriendo.,teka'pa'ku'i'la,llinsercher' kerka'lusa'
¿le quieres?,¿luwantapala?,¿lauk'lun?
él prueba.,nana lata'lli,tekle'rier asu'lusa
así lo que han dicho he oído cuando era muchacho y ahora les estoy contando.,"ta'ser kuanta' wilaku ñamu lawektulek, ipa'la winta'pallenma'.","wadunek kerkek lli'amu llillinlusa', nerpi'pu'."
¿estás libre?,¿inapi ñapala?,¿kenmashasa' ñapala?
podríamos caminar.,yennituwinaskudek dek'kuntak,yennitulekwa' kana'tak
¡date prisa!,¡wiuker'!,¡indekker'!
huele esto.,lanerker' asu',lanerku' asu'
apártate.,paker' ñilupa',sakek'ku'
los detendremos.,tu'nek'echidek,teka'per'aterwa'
ellos discutieron.,nawa' inyutullina',nawa' inllipu'iteklatullina'
tom creció.,tom susu'lli,tom ektu'lli
es engañoso.,tumu'tek' nuka'a,ñinchidinusu'nuka'a
seguiré.,tupiechek,lau'tulek
¿le conoce?,¿luwer'chapalli?,¿yalansa'lli?
enfríalo.,a'sanek'ker',inlli'inuker'
¿estás despierta?,¿nanpiladasu' ñapala?,¿sakek'su' ñapala?
ahí voy.,nanek pa'echek,asek a'ñapala
llovió.,u'lanñi,yutulli
es correcto.,mullincha',kenmakin nuka'a
anda.,dekundunlli,pa'a
está obsoleto.,ñapalli napi'da',saka'dekimpu ñichu
soy calvo.,nuwek'mutu'ku,ku'aper nuka'ka
¿puedes mostrarme?,¿yennitula a'lli'a'muk?,¿yennitula lunta'mak?
tom escapó.,tom chi'ye'klli,tom peklu'tulli
guarden esto.,sek'diperku' asu',sek'diperker' asu'
¿está sano?,¿mudinupallincha?,¿musu' ñapalli?
ahora nosotros conocemos los nombres.,kenmu'wei'na ipa' ñinchillintekwa'.,nana nu'su' aku'llinerkenmu'wa'.
pásala bien.,musu'nakuker',lli'tullina' musu'
llámame.,peklu'u,lliya'lek'
estaban equivocados.,ñapawiñina' pektunsu',tula'si'ma llinlliwañina'.
seremos asesinados.,dei'techuner'kudek,a'ñapalekwa' da'lusa'
eso funciona.,nana saka'tapalli,nana katu'pa'techu
¿quién vitoreó?,¿den inllipu'iteklatulli?,¿den chi'yeklli?
deberíamos comer.,ka'a'kawa'su' ñapalli,luwantullidek
estaban enfermos.,ñapawiñina' kaluwi'su',ñapawiñina' pektunsu'
hola.,ma'pu'sin,mulusa'
de ahí le dijo:,naneklima itulli:,tekkinchima itulli:
estoy agotado.,saka'tusu' ñapalek,kaluwi'su' ñapalek
estoy satisfecho.,ñapalek sakeksu',sha'mu'su' ñapalek
espósale.,tenpu'ker',pinaner'ker'
¿estabas enfermo?,¿kaluwi'su' ñapawina?,¿saka'tusu' ñapala?
tom inhaló.,tom lanerlli,tom lli'inutulli
defiéndete.,inlu'ukter',inlli'inuker'
casi morí.,chiminwinek,uki'la a'ñiwinek
¿fumas?,¿u'wa'tapala?,¿musu'?
¿tienes arroz?,¿pumuladawanpala?,¿a'ñapala cerveza?
miramos,lli'aterwa',lli'awa'
están ganando.,kana'tapallina',tumu'pallina'
¡escucha esto!,¡lau'ker' asu'!,¡tuker' ma'nen'unta'!
¿es este?,¿asu' a'cha?,¿iñer'a'cha?
hagámoslo ahora.,nu'tawa' ipa'la,ipa'la ta'itula'u'kudek
¿quién gana?,¿den kana'tulli?,¿den'ina' ka'lli?
desearía poder.,yen'nichina'ka,yennitulek katu'pa'a'kik
estoy viejo.,taserpiku',chacha'lek ñapalek
¿estuvo bueno?,¿musu'ñapawiñi?,¿nakusu' tanluwatulli?
puedes hacerlo.,yennitula nu'ta'mak,yennitula lun'a'mak
tenía sueño.,yawichi'winek,yupawinek
tom comió.,tom weranpalli,tom ektu'lli
sigue bailando.,lansa'per'i'la,tuluner'aper'i'la
hágalo mañana.,eklli nu'ter',wenller' dasu'la
estoy listo.,insek'diperpi ñapalek,ñapalek sakeksu'
no entrar.,ku'la dai'nchu,ku'la ikerinchu
lo llamaré.,peclu'echek,iyatulek
me acuerdo.,lli'inutapalek,yen'ner'lek'
quiero jugar.,yaintekllitulek,yanpu'lek
hagamos más.,a'pinta' nu'tawa',nu'tawa' ipa'la
¿qué falta?,¿ma'nenpawanpalli?,¿ma'nen ñapalli?
después de casarme tuve hijos.,sudawamu wilawanek.,wilaluntamu sudawek kananek.
nadie respondió.,ñiden na'pichi'ñi,ñiden pek'klu'chi'ñi
"nuestros abuelos finados dijeron que los que aborrecían, los que nos aborrecían, diciendo se fueron.","papinkumapu'wa'ku' tanni'ma nana luyurka'su', luyullinerkenmu'wa', tanni'ma pa'llina'.",nawa' lu'rnka'su' kudanta' laukta'kudeksu' wilakudek ñamudek lunpallidek.
esperen.,¡wa'ten'ku'!,wa'tentechu
hicieron trampas.,allisek nu'tapallina',a'pisadatuteklusa' ñapallina'
¡qué desastre!,¡embu'ni panger'ipa'!,¡embu'ni mushipa'!
comamos.,weranwa',tupitawa'
repítelo.,tununter',tañituker'
estoy comiendo.,werampalek,weranpi'nek
se fueron.,pa'llina',kanañina'
pruébate estos.,tekle'rier asu'lusa,teklerier' asu'
todo terminó.,iñer' ta'wantulli,ala'sa' yalli' ektukerlli
están solos.,nawa'sa' ñapallina',sadasu' ñapallina'
tom fracasó.,tom aper'lli,tom peklu'tulli
sobreviviremos.,chiminllinkekla nanpiterwa',nanekla lli'aterwa'
es simple.,saka'dek'inpu',mukankan'inpu' nuka'a
ustedes primero.,nanentu kenmama',kenma wichi'wina'
¿qué pasa?,¿mapu'la?,¿ma'nenpawanpalli?
¿estás herida?,¿chacha'wanpala?,¿kaluwipala?
¿eres real?,¿tekinchi nuka'ma?,¿kerka' ñinchitapala?
déjame pensar.,ta'itula'u inlli'inutechek,yaintekllitulek
estás débil.,nantapi'na,wichi'su' ñapala
tiene vino.,vinu' a'ñapalli,a'ñapala' vinu'
nosotros conduciremos.,kuda ekpekchidek,kerka' luntapallidek
no sigo.,ku'la tupiapi'nek,yalli'tama
vende frutas.,uku'latapalli wayupilusa',a'ñapala' vinu'
vámonos.,enchuku',lli'aterwa'
está leyendo.,lunta'palli,lun'aper'pi'la
prometí.,tuwinek,iyatulek
pasearon.,da'llina',peklu'tullina'
piénsatelo.,inlli'inuker',pinaner'ker'
puedo saltar.,innitulek indek'ak,iyatulek kana'tak
sobreviviste.,chiminllinkekla nampila,chiminllinkekla nampilek
es francés.,francés nuka'a,nuka'a francesa
¿estás muerto?,¿chimipi ñapala?,¿ñapalli muin'su?
camina rápido.,wiu'su' dekunter',wek'ker' ipia'la
estás loco.,wa'danpintek ñapala,wichi'su' ñapala
están dentro.,kinekla' ñapallina',nanpipallina'
levantémonos.,yunsanwa',inlulen'awa'
"así oigo ahora en nuestro pueblo de jeberos, no es como antes.","nu'su' ipa'la lawektapalek asu' shiwilumapu'wek, ñi napi'pu'su'.","wadunek kerkek lli'amu llillinlusa', nerpi'pu'."
déjame sentarme.,ta'itula'u du'echek,ta'itula'u pae'chek
estoy constipado.,ñapalek a'mechailusu,inapilante'ñapalek
sigue sonriendo.,yamerladaper'i'la,nerpi'pu' yamer'ker
le disparó.,ilanñi,dekundunlli
anímate.,nanta'piker,yamerku'
lo encontraron.,kanañina',lachek'llina'
leo frecuentemente.,lunpa'lek utalinpu'sa',wek'ker' ipia'la
estamos trabajando.,saka'tapalekwa',lauk'tapallidek
tomás aplaudió.,tomas inllipu'ite'lalli,tomas ekpa'lli
tom entendió.,tom lachek'lli,tom kana'tulli
¡perfecto!,¡mupalli!,¡u'chimu!
soy listo.,iñer' ñinchitapalek,ñapalek a'mechailusu
déjame cogerlo.,ta'itula'u pilli'te'chek,ta'itula'u pa'ak
tenemos vino.,a'ñapallidek vinu',a'ñapala' vinu'
estoy ayudando.,katu' pa'tapalek,yanampilek
fui enmarcado.,a'apitulliner'ku,inanpilatek ñapawinek
¿llamaste?,¿peklu'tula?,¿lauk'lun?
responderán.,na'pitechuna',ekte'chechuna'
es inteligente.,ñinchidinusu'nuka'a,shapi'tek nuka'a
estoy comprando.,mapa'tapalek,kulliker'wanpalek
dame algunos.,enka'u nu'unta'lusa',yennitula pa'a'masu'
así es.,nu'su' nuka'a,asu' nuka'a
estaré bien.,musu' ñapechek,musu' ñape'chek
ahí me alumbró mi madre en jeberos.,nanek wadekllun awawek shiwiluk.,wilaluntamu sudawek kananek.
tom bostezó.,tom lauki'lli,tom peklu'tulli
déjame irme.,ta'itula'u pae'chek,ta'itula'u pa'ak
me divorcié.,yanpu'lek,dunker'echek
descansad.,neriker',sakek'ku'
vigílame.,luwuk'tu'u,peklu'u
abrámoslo.,ek'ker'chawa',ektu'lekwa'
lárguese.,¡paku'!,muwencha'ker'
¡qué equipo!,mumu'wanbalek,!embu'ni we'inuipa'!
se adelantarán.,ekte'chechuna',wenche'chuna'
diciéndoles así les ha hecho entrar y les dijo.,itudek'an ima a'da'dekan ima itudeklli.,kananna' nanasa' llikantullina' dei'tullina'.
nunca hablamos.,ñinpi' lunpi'ñidek,wer'apallidek
ahora déjanos.,ipa'la ta'itula'u'kudek,ipa' lli'aterwa'
"vamos, háganlo.","pa'awa, nu'tuku'","pa'awa, nu'ter'"
cogeré uno.,maechek alasa',aku'ku' nanek
nadie llamó.,ñiden pek'klu'chi'ñi,ñiden lamapui'ñi
se ahogó.,chimidek'tulli,yutulli
"dice que el astro le había tocado el corazón a malallina, decían algunos.","pi'tandulaler ima pata'kankañi asu' malallina, tullina'nta'.","nana malek imi'na, ala'sa' shaya' llillinen itullina' malallina,"
estamos hartos.,perlli'llidek,sipuk'ñapallidek
¡comé despacio!,¡weranker' uti'la!,¡enpu'ni aperpipa'!
tom vaciló.,tom si'lentulli,tom peklu'tulli
¡imposible!,¡saka'dek!,¡muek'kilala!
estamos leyendo.,kerka' luntapallidek,lauk'tapallidek
trabajas mucho.,saka'techu empu'nipa,saka'techu watensu'
estamos separados.,yampu'su' ñapallidek,pilli'pi ñapalekwa'
lo tenemos.,a'ñapallidek,tupitawa'
tom lloró.,tom welliek'lli,tom lli'inutulli
hice panecitos.,nutulek tanta'shala,nanekla amitullinerku.
podríamos leer.,yennituwinaskudek luntak,yakatu'pa'llidek
son débiles.,saputek'lusa' nuker'ka,u'cha'paya ñiwina
nosotros ayudaremos.,kuda katu'pa'techidek,taitula'u'kudek
estás bien.,mu'su' ñapala,musu' ñapaker'
soy maestro.,alektutek nuka'ka,wa'tentutek nuka'ka
la besó.,musha'lli,dekundunlli
soy finlandés.,finlandis nuka'ka,frances nuka'ka
¿puedes venir?,¿yennitula uk'a'mak?,¿yennitula ek'ker'cha'mak?
se quemaron.,uker'llina',inmusha'llina'
fracasó.,a'aper'lli,dekundunlli
¿estoy invitado?,¿peklu'pi ñapalek?,¿wa'danpindek ñapala?
"diciendo así, desde entonces, nosotros ahora estos nombres estamos llevando.","tusu'si'ma, naneklima, kenmu'wa' ipa'la nana llillin ekpa'palekwa'.","nanekla, ipa'li'na iñer inapu'su' pa'akwa' luwetllekwa'."
es etíope.,etiope nuka'a,tekinchi nuka'a
¡di algo!,¡tuker' ma'nen'unta'!,¡ta'ituler'!
simplemente hazlo.,ma'pu'su'pintak nu'ter,teklerier' nu'ta'mak
quiero trabajar.,yasaka'tulek,saka'tapalek
todos oraron.,iñer'daper' mallia'llina',iñer'daper yamerladallina'
los amamos.,tanten'ñidek,yamerlek'wa'
estábamos borrachos.,lupersu' ñapawiñidek,kawitusu' ñapawiñidek
les mentí.,tumu'tuleklek,ñinchituwinek'
lo olvidé.,pinaner'lek',luyullien
fuimos culpados.,a'apitulliner'kudek,chiminllinkekla nampipalekwa'
necesito ayuda.,luwantulek katu'pa',yennitulek katu'pa'a'kik
¡qué listo!,¡dakuti'ñi!,¡enpu'ni dakuta'ipa'!
deben morir.,chimin'er'kasu'ñapalli,luwanchi'ñina'
no discutas.,yainyututa,yainyututama'
¿quién canceló?,¿den ata'wantulli?,¿den kana'tulli?
soy americano.,americano nuka'ka,finlandis nuka'ka
¿lo viste?,¿lli'la?,¿ikerlli?
¿es doctor?,¿lulentutek'a'cha?,¿a'lek'tutek' nuka'a?
los vi.,lli'dek'lek,lli'llien
¡avergüénzate!,¡dakuta'ker'!,¡mupencha!
lo arreglaré.,tekdiper'echek,yateklerilek
está funcionando.,saka'tapalli,pada'sa'tapalli
¿tienes frío?,¿sanekwantula?,¿nanpiladasu' ñapala?
¿quién escapó?,¿den chi'yeklli?,¿den lamapu'lli?
éste es.,asu' nuka'a,nuka'a nana
lean esto.,luntuku' asu',lanerku' asu'
sé fuerte.,nantapitek' ñiker',mu'su' ñapala
pedí pizza.,pizza lektulek,kerlliek vinu'
¡háblame!,¡luntuu!,¡nu'tawa'!
¡tengo sueño!,¡yawichi'lek!,¡musu' nampipalek!
¿para qué?,¿ma'ki'na?,¿kenma?
¿cómo estáis?,¿ma'pu'sin?,¿asek nanpipala?
alistémonos.,insekdiperawa',inlulen'awa'
ni idea.,ninchichi'nek,yiennichi'nek
está deprimido.,we'inutapalli,pulunker'wanpalli
estoy emocionado.,ñapalek sakek'su',sha'mu'su' ñapalek
dimelo.,itu'u,peklu'u
¿te gusta?,¿iyatula?,¿luwantapala?
entró mary.,da'kerlli mari,muisu' kankatulli
¿puedo acompañarle?,¿yennitulek ka'tan'an'su'?,¿yennitulek katupa'tak?
¿cuánto mides?,¿empu'dun pichiapala?,¿enpu'dun chimiñina'?
eso es.,nana nuka'a,nuka'a nana
salgan.,yunsu'ku',musha'lli
ahora las mujeres se pintan sus caras.,ipa'la asu' shaya'lusa' inllinsellina' asu' ladanenna'.,kananna' nanasa' llikantullina' dei'tullina'.
obedecieron.,latektullina',uk'apilellina'
queremos ayudar.,yakatu'pa'llidek,taitula'u'kudek
me dispararon.,ilanñiner'ku,pillituwiñinerku'
tienes razón.,tekinchi nuka'a,lu'uktutek'ken ñiker
quédese ahí.,llia'ker nanek,ta'ituler' asek
¿estás lleno?,¿mer'su' ñapala?,¿kenmashasa' ñapala?
¡no llores!,¡yawellekta!,¡yatumu'ta!
tomás renunció.,chuma yunsu'lli,tomas inllipu'ite'lalli
tom llamó.,tom peklu'tulli,tom si'lentulli
tom gruñó.,tom mermiñi,tom peklu'tulli
sal fuera.,yunsuer' adipi,mapu'sina asek'
queremos saber.,yañinchitullidek,yakatu'pa'llidek
soy miope.,umilu'lada' nuka'ka,mulun nuka'ka
nos necesitas.,luantapalundek,luwantullidek
¡continúa!,¡tupiter'!,¡ta'ituler'!
soy huérfano.,suila nuka'ka,sadasu' nuka'ka
estaba solo.,kuashasa' ñapawinek,ñapawiñi kawik
dilo claramente.,tuker' tekinchiwalek,inlli'inuter' musuk
me salvó.,katu'palun,sapulek
me quedé.,lliya'lek',peklu'u
¡déjame salir!,¡ta'itula'u yunsue'chek!,¡yawichi'lek!
aunque había muerto hablaba:,chiminla'pi'n ima lunpalli:,arakayuler itudeklli:
estarás bien.,musu' ñape'chu,musu' sek'kaperechuner'ken
estoy leyendo.,lunpalek,lansa'palek
"algunos que obedecieron llevaron a sus hermanas, las llevaron a vender, y les dieron mucho dinero.","nu'unta' latekta'sui'ma ekpa'n sha'wan uku'latukun, enpu'nipa' kulliker enka'llina'.","papinkumapu'wa'ku' tanni'ma nana luyurka'su', luyullinerkenmu'wa', tanni'ma pa'llina'."
se adelantará.,ekte'chechu,ipia'la u'lenchu
se quemará.,uker'echu,yaku'aper'wana
trabajan mucho.,saka'tullina' nakusu',saka'tunakla usu'dekllina'
lo que ellos hablaron y nosotros escuchamos cuando éramos niños eso estamos contando.,nawa' lu'rnka'su' kudanta' laukta'kudeksu' wilakudek ñamudek lunpallidek.,"kenmu'wa' wapu'mu'wa', ma'ki'na asu' katu'shadapersa'."
¿sabes nadar?,¿ñinchitapala idun'ak?,¿kenmashasa' ñapala?
somos pobres.,kulliker'wi'ñidek,mumusu' ñapallidek
¿estás soltero?,¿inapiken ñapala?,¿yunsansu' ñapala?
puedo ayudarte.,yennitulek katu'pa'a'kik,yennitulek adanta'ak
sonríe.,yamer,yulek
tengo sueño.,yawichi'lek,yawerannek
tom sabe.,tom ñinchitapalli,tom lli'inutapalli
hice café.,wayusa' nu'tulek,kere'chek vinu'
tom cocinará.,tom akusute'chu,tom panwilek'techu
coge una.,maker' ala'sa',aku'ku' nanek
podemos ayudar.,yinnitullidek katu'pa'tak,yakatu'pa'llidek
"genial, ¿no?",u'chimuinchi ¿i'ya?,¿a'lek'tutek' nuka'a?
quiere venir.,ya'wencha'lli,pada'sa'tapalli
comimos huevos.,ka'llidek kadu',nu'tulekwa' waffles
sólo espera.,wa'tenker'la,wa'tentechu
¡genial!,¡u'chimu!,¡u'chimuinchi!
son grandes.,a'llupi nuker'ka,i'inlusa' nuker'ka
son increíbles.,latek'inpu'pilusa' nuker'ka,nuka'kawa taserpilusa'
¡intentémoslo!,¡intek'klieriwa'!,¡kana'tullidek!
¡no esperen!,¡yawa'tentutama!,¡yaindektama'!
los lagartos negros ahí están.,matutada ñapalli.,inluyupallina'pi'la ipa'la walek.
abrazame fuertemente.,wiperi'u ikersu',inlli'inuter' musuk
como quieras.,kenma luwanta'masu'pu'su',yennitula nu'ta'mak
te recuerdo.,lli'inutapallien,ñinchituwinek'
serás bienvenido.,musu' sek'kaperechuner'ken,kenma wichi'wina'
¿luzco bien?,¿llitapalek musu'?,¿yennitulek yunsu'ak?
mándemelos.,a'uktu'u,pinaner'ku'
venga conmigo.,wek'ker' kualek,musu' wintu'u
¡hipócrita!,¡katu'lada!,¡mupencha!
tenemos reglas.,a'ñapallidek la'la'lusa' latek'ak,a'ñapalekwa' da'lusa'
¡es maravilloso!,¡liatusu' nuka'a!,¡u'chimuinchi nuka'a!
desde ese entonces estamos viviendo así.,ipa'leklanlek nu'su' nanpipalekwa'.,a'ñapallidek dudimpu' nu'ta'kawa'su'
¿puedo comenzar?,¿yennitulek tenmiansu'ak?,¿yennitulek katupa'tak?
estoy trabajando.,saka'tapalek,mapa'tapalek
¡estoy feliz!,¡musu' nampipalek!,¡yawichi'lek!
tráemelo.,keritu'u,peklu'u
parece enfadada.,yupa'masu'pusu' lli'tula,yupa'masu'pu'su' lli'tula
estoy avergonzado.,ñapalek dakuta'su',inapilante'ñapalek
olvídenlo.,pinaner'ku',de'a'merker'
sonría.,yamerladaker',luyulek'
tom caminó.,tom dek'kuntulli,tom ektu'lli
cantaré.,tuluner'echek,itununta'u
son feos.,aper'pilusa' nuker'ka,wiuksu'lusa' nuker'ka
¿te dispararon?,¿ilañiner'ken?,¿te'kuawina?
"ahora nosotros, ahora este pueblo se ha dividido en dos: barrio bajo y barrio alto.","ipa'li'na' kenmu'wa', ipa' asu' ñinanlu' katu'ta' ñillin: chilen, winen.","nana malek imi'na, ala'sa' shaya' llillinen itullina' malallina,"
¿hablaste?,¿lun'na?,¿li'apala?
se desprecian hasta la actualidad.,inluyupallina'pi'la ipa'la walek.,"nu'su' ali'ladaper llipetchullina',"
diviértanse.,sakek'ku',pinaner'awa'
¿puedes dormir?,¿yennitula wichi'a'mak?,¿kenmashasa' ñapala?
dormí mucho.,nakusu' wichilek,nakusu' weranek
lo llevaré.,epa'echek,nu'techek
¿estás jodiendo?,¿a'pe'chapala?,¿saka'tapala?
tiene barba.,amu utek'wañi,pulunker'wanpalli
sobrevivimos.,chiminllinkekla nampipalekwa',chiminllinkekla nanpiterwa'
somos profesores.,a'lek'tutek'lusa' nuka'kawa',lulentutek nuka'kawa'
¿estás cansado?,¿saka'tusu' ñapala?,¿sakek'su' ñapala?
ella murió.,nana chimiñi,nana lunñi
soy guapa.,mulun nuka'ka,sadasu' nuka'ka
sigue practicando.,tupiter' inpalerian,teka'per'i'la
no saben pronunciar.,ninchipeklui'npu'la'pi'na'.,yennitulama' pa'a'mama'su'
¡qué pesado!,¡enpu'ni saka'dek'ipa'!,¡embu'ni mushipa'!
estaba mareado.,ñapawinek lupersu',inanpilatek ñapawinek
lo sentimos.,we'inutulidek,a'ñapallidek
somos primos.,yalli'walusa' nuka'kawa',enmu'pinen nuka'kudek
¿nos conoces?,¿luwer'chapalama'udek?,¿luwer'chapalama?
quiero bailar.,yalansa'lek,yayunsu'lek
fracasarás.,nu'chin'chu,lutanteninpu'ker'
lo hicimos.,nu'tulek'wa',a'ta'wantullidek
traigo noticias.,kera'pilellek la'la'lusa',lauk'apalek la'la'lusa'
preguntémosle.,lek'kawa',nu'tulek'wa'
empeora.,nu'la'lli,aper'lli
no mentí.,tumui'nek,ñinchichi'nek
estás triste.,we'inutusu' ñapala,yanu'tapala
míralo.,lli'ker',de'a'merker'
déjanos solos.,ta'itula'udek kudasa',dek'kuntapallidek' wapu'
tom desapareció.,tom wer'lli,tom na'pitulli
sigamos adelante.,tupi'wa' ekter'lupa',kuda ekpekchidek
¡qué horrible!,¡enpu'ni aperpipa'!,¡embu'ni mushipa'!
yo pagaré.,kua panwilek'te'chek',kua katu'patulek
¿estás perdido?,¿wer'su' ñapala?,¿kaluwipala?
soy responsable.,latek'tutek nuka'ka,wa'tentutek nuka'ka
estaba desarmado.,illiapalek'inpu ñapawinek,pulunker' ñapawiñi
me arriesgaré.,inpalerichek,dunker'echek
estoy calmado.,tuna'su' ñapalek,kaluwi'su' ñapalek
¡allá está!,¡nanek ñapalli!,¡pilli'ter' nanek!
arakayu les dijo:,arakayuler itudeklli:,naneklima itulli:
nadie murió.,ñiden chimii'ñi,ñiden tumui'ñi
me encantó.,luwantullien,luyullien
firme aquí.,linsercher' asek,mapu'sina asek'
está mojado.,wiwersu' ñapalli,pulunker'wanpalli
necesitamos más.,luwantullidek a'pinta',yinnitullidek katu'pa'tak
tenía miedo.,tekuawinek,yawichi'winek
¡déjame irme!,¡ta'itula'u pa'ak!,¡lunker' kualek!
voy a dormir,wichi'echek,yawelleklek
los llamaré.,peklue'chenma',lunku' lachek'ak
es imposible.,yiennichi'nek,yawencha'ta
¿eres feliz?,¿musu' ñapala?,¿sakek'su' ñapala?
ahora sientate.,ipa'la du'ker',yau'wa'tuta
dame eso.,enka'u nana,lanerku' asu'
somos serios.,ku'la yamerapiñidek,mumusu' ñapallidek
así era antes.,nu'su' ñiwiñi napi'.,asek uk'apilellina'
¡incendio!,¡ukeñan!,¡u'chimu!
¿puedo abrazarte?,¿yennitulek wiperi'a'kik?,¿yennitulek yunsu'ak?
déjame averiguarlo.,ta'itula'u lek'techek,ta'itula'u tekdiperechek
póntelo.,i'shi'ker',pinaner'ker'
necesitan dinero.,luwantullina' kulliker,kulliker' luwantullidek
"malallina es la que nos ha hecho reflexionar,","malallina nana nu'su' a'kankantullundek,",malallina nu'su' a'lli'tullundek.
estudia mucho.,ninchiter' wapu',llinsercher' kerka'lusa'
¿puedo tenerlo?,¿yennitulek a'ñak?,¿yennitulek katupa'tak?
tuve cuidado.,inlu'uktuwinek,tekua'dande'ku
estoy divorciada.,apu'pi nuka'ka,perwatendusu' ñapalek
lava todo.,pamuer' iñer',ninchiter' wapu'
tú empieza.,kenma tenmiansuer',kenma techu
estaba sudando.,ellia'pawinek,yawichi'winek
¡buen país!,¡u'chimu ñinalu'!,¡illiñi u'chimu!
sé serio.,yamercha,lu'uktutek'ken ñiker
vamos.,pa'a,da'awa'
avancemos.,pa'awa' ekter'lupa',teka'per'aterwa'
estamos intrigados.,lachek'insu' ñapallidek,wer'su' ñapallidek
vendo autos.,uku'latapalek wa'nateka'asu',luntulek kerka'lusa'
soy viejo.,taserpiku,apu'pi nuka'ka
somos minuciosos.,inlu'uk'tutek nuka'kawa',uki'latek ñapallidek
quédatelo.,lia'ker',dei'techen
soy doctor.,doktor nuka'ka,wa'tentutek nuka'ka
me desnudo.,inanpilechek,pinaner'u'ku
¿está lloviendo?,¿ulanpallincha?,¿neriapalli?
mantenganse juntos.,mumu'su' ñapaku',ñapaker' musu'kankantusu'
tom ronca.,tom tukulu'palli,tom malla'lli
es cruel.,mukankan'inpu' nuka'a,ñinchidinusu'nuka'a
actúa.,nu'ter',ekte'cher'
¿es gratis?,¿pa'chi'ñin'cha?,¿iñer'a'cha?
estás vieja.,tasellun ñapala,wichi'su' ñapala
ven solo.,wenller' kenmasa',paker' uti'la
salí.,yunsu'lek,sapulek
despertalo.,a'nambiker',wa'tentechu
¡entren!,¡daker'ku'!,¡paku'!
llamarán.,peklu'techuna',wenche'chuna'
volveré.,adenche'chek,enka'u
podemos ayudarlos.,yennitulek'wa' katu'pa'a'kawak,yinnitullidek katu'pa'tak
está vacío.,inantek' nuka'a,saka'dekimpu ñichu
tom sobrevivió.,tom chimillinkekla nampilli,tom deklli nerideknen
él envejeció.,nana taserpitulli,iñer' ta'wantulli
ven enseguida.,wek'ker' ipia'la,wenller' kenmasa'
he pecado.,aper'lek,lamapu'lek
fuimos robados.,ape'chuwiñiner'kudek,lupersu' ñapawiñidek
se acabó.,tekineklli,ta'wan'tulli
déjalos pelear.,ta'itula'dek'ku' idenmaina',musuk'i'la lli'inuper'
será fácil.,saka'dekimpu ñichu,saka'techu watensu'
está comiendo.,weranpalli,saka'tapalli
¡feliz navidad!,¡u'chimu ñiñuduker!,¡musu' paskua'!
fracasaremos.,teka'per'aterwa',ek'ker'chawa'
ella corre.,nana teka'lli,nana lata'lli
puedes nadar.,yennitula' idun'a'mak,yennitula pa'a'masu'
sigue cavando.,iwa'taper'i'la,dek'kuntaper'pi'la
la increpó.,yutulli,ilanñi
házmelo saber.,a'ñinchitu'u,ta'itula'u ata'wantak
camina lentamente.,dekunder' uti'la,wek'ker' ipia'la
alguien llamó.,denipa' peklu'tulli,muisu' kankatulli
¡necesito ayuda!,¡luwantulek katu'pa'!,¡yennitula nu'ta'mak!
ahí se pudrió.,nanek tawetchulli.,nana wer'lli
abrázame.,wiperi'u,llinser'chu'u
soy pobre.,kulliker'wi'nek,ku'aper nuka'ka
necesitaba dinero.,luwantuwinek kulliker',luwantullina' kulliker
¿puedo verlos?,¿yennitulek lli'dek'ak?,¿yennitulek ka'tan'an'su'?
bien poquito les daba de comer y les mandaba a sus casas.,"u'ñishima awerandeklli, a'panta'deklli pideknennek.","ali'la musu'nti'ma pa'lli nanalupa'pi'la, yaluwerkun. adencha'n nananta' luncha'lli."
"despiértate, tom.","nanpiladaker', tom",tom lli'inutechu
eres listo.,insekdiperpi nuka'ma,wichi'su' ñapala
hay que hacerles sembrar a estos indios.,a'teradek'awa' asu' kenma'lusa'.,papinkumapu'wa'ku'lusa' nana nu'llina'.
no llores.,yawellekta,yalli'tama
déjame terminar.,ta'itula'u ata'wantak,ta'itula'u pae'chek
¿contento?,¿musu'?,¿ekpa'ak?
todos los hombres deberían ser como malallina.,nana malallinapu'wa'su' ñillin iñer enmu'pinen.,nana usha'wañen muyunpa inchilala ekketcherka'su'.
necesito entrar.,yada'lek,innitulek indek'ak
soy egoísta.,kuakeksa' lli'inupalek,llinserchutek' nuka'ka
¿quién nadó?,¿den iduñi?,¿den chi'yeklli?
¿qué hay?,¿ma'nen ñapalli?,¿den a'cha?
terminamos.,a'ta'wantullidek,tu'nek'echidek
oí eso.,lauk'lek nana,enka'u nana
esa clase de nombres antes no hemos tenido.,tusu'sa' llillinlusa' napi' a'ñiwinekwa'.,papinkumapu'wa'ku'lusa' nana nu'llina'.
hablo español.,lunpalek español,lumpalek frances
¿cómo terminará?,¿ma'pu'su' ta'wantechu?,¿enpi'a'cha pa'ater?
estate preparado.,insek'dipersu' ñapaker',nantapitek' ñiker'
así nomás dice tenían sus nombres.,tula'si'ma llinlliwañina'.,nanek ima ñikuñi laweklateklusa'.
lo abofeteé.,patenchulek,iyatulek
tom gritó.,tom lamapu'lli,tom tumu'lli
parate,wanerker',nu'ter'
¡puedes hacerlo!,¡yennitula nu'ta'mak!,¡katu'lada!
estamos llorando.,welliek'apallidek,lansa'pallidek
métete adentro.,da'ker' kinekla,tupiter' inpalerian
quiero llorar.,yawelleklek,yawichi'lek
"nosotros antes desmotábamos el algodón, hilábamos, metíamos el hilo en el telar armándolo.","kenmu'wei'na' napi' anantulekwa', pitetchulekwa', kala'tulekwa'.","ta'ser lauktulek, asu' muyunpa inchilala malek, nu'unta' taketllina'."
qué raro.,empu'ni lli'inek,embu'ni iker'ipa'
llamaron.,peklu'tullina',lau'tullina'
¡no mientas!,¡yatumu'ta!,¡yaindektama'!
¿me ves?,¿li'apalu?,¿ekpa'ak?
estudio inglés.,alek'apalliner'ku ingles,lunpalek ingles
