CODIGO,TEXTO_SPA,TEXTO_SHI,AUDIO?,,,,,,
FL_0001,El pueblo de Jeberos es un pueblo antiguo.,Shiwilu ñinanlu’ nuka’a ala’sa’ ñinanlu’ taserpi.,TRUE,,,,,,
FL_0002,Está ubicado en medio del monte.,Tananluk ikiñik ñapalli.,TRUE,,,,,,
FL_0003,"No tiene ríos, solo quebradas tiene.","Kupin dekshadekwi’ñi, dekshadeklusa’sa’a’ñapalli.",TRUE,,,,,,
FL_0004,"No tiene cerros, su terreno es (plano) como el lomo de una mesa.","Mutupiwi’ñi, misa’ chi’tekpu’lli lupa’nen.",TRUE,,,,,,
FL_0005,Su suelo es arenoso. Cuando llueve no se forma barro.,Lupa’nen dellu’teklu’ nuka’a. U’lansik mumulu’chi’ñi.,TRUE,,,,,,
FL_0006,"Sus calles son rectas, se puede divisar desde el Barrio Bajo hasta el Barrio Alto.","Kallinenlusa’ chekshasu’ nuker’ka, Chilenkeklanek, Winenñupa’walek lli’tulek.",TRUE,,,,,,
FL_0007,"Tiene tres calles largas, también tiene calles transversales.","Kala kalli shin a’ñapalli, nu’sik’unta’ kallilusa’ chimanchineksu’sa’ a’ñapalli.",TRUE,,,,,,
FL_0008,Una quebrada rodea al pueblo.,Ala’sa’ dekshadekler ñinanlu’ kunerchapalli.,TRUE,,,,,,
FL_0009,Ahí se bañan y lavan su ropa todo el pueblo.,"Nanek ama’llina’, peksa’duñina’ iñer’ ñinanlu’.",TRUE,,,,,,
FL_0010,Esta quebradita se llama Armanayacu.,Asu’ dekshadekshaki llillinen nuka’a Ama’wina.,TRUE,,,,,,
FL_0011,El pueblo no bebe el agua del Armanayacu porque es puro (agua con) jabón.,"Ama’winadek ñinanlu’ uapi’ñi, shapundeksa’ ña’su’malek.",TRUE,,,,,,
FL_0012,"El agua de manantial, que brota de la tierra, eso
bebe el pueblo.","Dek yunsu’a’su’ lupa’ kineklalan, nana ñinanlu’ uapalli.",TRUE,,,,,,
FL_0013,En Jeberos tenemos manantiales.,Dek yunsu’a’su’ lupa’ kineklalan a’ñapallidek Shiwiluk.,TRUE,,,,,,
FL_0014,"Los principales son: por el Barrio Alto, uno; por el
Barrio Bajo, dos.","A’pinta’ a’llupilusa’: Winenñupa’ ala’sa’, Chilenñupa’ katu’ta’.",TRUE,,,,,,
FL_0015,Se baja el Aipena y se sale al Huallaga.,"Erpina’ nu’wantunta’lek, pekpinta’lek Wella’dik.",TRUE,,,,,,
FL_0016,"Del puerto de Jeberos hasta el Huallaga se tarda
doce horas.","Shiwilu llishanakla Wella’dikwalek tekda’lek
shunka’-katu’ta’ ura.",TRUE,,,,,,
FL_0017,También por avión se llega a Yurimaguas.,Nu’sik’unta’ wa’na pennua’su’ ektu’lek Yurimawak.,TRUE,,,,,,
FL_0018,"Eso no demora mucho, se llega rápido.","Nanek enpu’ni tekdi’nek, wiuksu’ ektu’lek.",TRUE,,,,,,
FL_0019,El monte de Jeberos es tierra de altura.,Shiwilu tanan erpilu’ nuka’a.,TRUE,,,,,,
FL_0020,En el monte tenemos una variedad de árboles.,Tanak aʹñaʹpallidek dudinpu’ nalalusaʹ.,TRUE,,,,,,
FL_0021,En el monte de Jeberos tenemos toda clase de hojas.,Shiwilu tanak a’ñapallidek dudinpu’ lalumeklusa’.,TRUE,,,,,,
FL_0022,Entonces se convierte en crisneja.,Ipa’linchi panpektekkek ñinta’lli.,TRUE,,,,,,
FL_0023,La hoja de muenilla es buena para la fiebre.,Dakalamek mulli ukaki.,TRUE,,,,,,
FL_0024,"La hoja de sanango también es buena para la
hinchazón.",Piunalamek’unta’ mulli waka’ki.,TRUE,,,,,,
FL_0025,Con estos bijaos envuelven las patarashcas.,Asu’ iyunameklusa’lek pu’tullina’ akipilusa’.,TRUE,,,,,,
FL_0026,Por eso cuidémoslos para que no desaparezcan.,Nanamalek enchuku’ luwektawa’ wer’inpu’er’kek.,TRUE,,,,,,
FL_0027,Pero la quinilla no echa fruto todos los años.,Intunelli’na ñita’piñi iñer’ ekkilalalusa’.,TRUE,,,,,,
FL_0028,"Cuando su fruto madura, trepando lo cogen.",Ñipinen mer’chusik chintektanna’ mallina’.,TRUE,,,,,,
FL_0029,"Si les cae en el cuerpo, se enferman.",Anu’sik pinennak kaluwi’llina’.,TRUE,,,,,,
FL_0030,A esta enfermedad la llaman “induner”.,Asu’ kaluwi’ peklu’llina’ intuner.,TRUE,,,,,,
FL_0031,"También el árbol de cotohuayo se halla en el
chamisal.",Kumunpi nalanta’ kananek deklaluk.,TRUE,,,,,,
FL_0032,"Al fruto del aguaje de chamisal se le llama
“ma’api”.",Ma’a ñipinen peklu’lek ma’api.,TRUE,,,,,,
FL_0033,Ya cuando madura se parte su cáscara.,Ipa’ mer’chusik chipiteknen nuchinkatulli.,TRUE,,,,,,
FL_0034,Nunwanlusa’ pa’apallina’ Erpina’lupa’.,Nunwanlusa’ pa’apallina’ Erpina’lupa’.,TRUE,,,,,,
FL_0035,Ahí está esa piedra hasta el día de hoy.,Nanek ñapalli ipa’lalek nana la’pi.,TRUE,,,,,,
FL_0036,Antes las mujeres shiwilu mudaban pampanilla.,Shiwilunlusa’ napi’ i’shillina’ kalantek.,TRUE,,,,,,
FL_0037,"Por eso, no hacían faltar algodón en sus chacras.",Nanamalek pitellu a’pawi’ñina’ menminennak.,TRUE,,,,,,
FL_0038,En todas las chacras sembraban algodón.,Iñer’ menminlusak’ tera’llina’ pitellu.,TRUE,,,,,,
FL_0039,De ahí armaban el telar para confeccionar sus pampanillas.,Nanekla anantullina’ yanu’tanna’ kalanteknenna’.,TRUE,,,,,,
FL_0040,"Ese azul no duraba mucho, se zafaba.","Nana kañercha’su’ enpu’ni tekda’pi’ñi, apu’tulli.",TRUE,,,,,,
FL_0041,De eso se jactaban.,Nanalek intumu’tullina’.,TRUE,,,,,,
FL_0042,Los antiguos no pescaban a cada rato.,Papinkuku’lusa’ pu’ri’ñina’ utalinpu’sa’.,TRUE,,,,,,
FL_0043,"Entonces, cuando se llenaba lo pescaban.",Ipa’linchi inpi’mur’sik pur’chullina’.,TRUE,,,,,,
FL_0044,Otros iban a montear para la comida.,Ali’ladaper pa’llina’ yayunek’anna weranki.,TRUE,,,,,,
FL_0045,"Entonces, en la tarde majaban (el barbasco).","Ipa’linchi, er’wa llisañina’.",TRUE,,,,,,
FL_0046,"Terminando de majar, comían.",A’ta’wantanna’ llisan’er’kasu’ werañina’.,TRUE,,,,,,
FL_0047,Mientras tanto ya anochecía.,Nanekwalek ipa’ kasiserlli.,TRUE,,,,,,
FL_0048,Agunos salían a cazar animales en la noche.,Nu’unta’lusa’ yunsu’llina’ yapa’willitanna’.,TRUE,,,,,,
FL_0049,Este hermano menor conoce dónde dejar el barbasco majado.,"Asu’ yalli’wa luwer’apalli akui’la’mamak puñañi
llisanpi.",TRUE,,,,,,
FL_0050,También los pejes que no habían muerto bajaban.,Samerlusa’nta’ chiminpu’er’kasu’ nu’wañina’.,TRUE,,,,,,
FL_0051,Iban a amontonarse en el cerco.,"Pidankek indiuntunta’llina’,",TRUE,,,,,,
FL_0052,Ahí estaban los cuidadores del cerco.,Nanek ñapallina’ pidan luwekter’kasu’.,TRUE,,,,,,
FL_0053,Ahí el jefe de la pesca cuidaba.,Nanek pur’wan luwek’tulli.,TRUE,,,,,,
FL_0054,"Entonces juntaban, llenaban sus canastos.","Nanek si’yektullina’, lantekpinenna’ pi’muer’llina’.",TRUE,,,,,,
FL_0055,Así pescaban los antiguos.,Nu’su’ pur’llina’ papinkuku’ Shiwilulusa’.,TRUE,,,,,,
FL_0056,Yo he escuchado cuando habló mi abuelo finado.,Kua lawektulek lunsik papinkuwekku’.,TRUE,,,,,,
FL_0057,Los pejes que se jalan se juntan en jicra.,Samerlusa’ dek’a’kasu’ si’yektulek sha’yak.,TRUE,,,,,,
FL_0058,"Cuando no se les ve, nos muerden.",Lli’inpu’a’sik kitekllenmu’.,TRUE,,,,,,
FL_0059,Al anzuelo se lo empata con peje.,Utekkunan dektu’tulek samerlek.,TRUE,,,,,,
FL_0060,Nerpi’pu’ dunanler latuñi utekkunanmapu’.,Nerpi’pu’ dunanler latuñi utekkunanmapu’.,TRUE,,,,,,
FL_0061,Las uchpa-garzas no comen cualquier cosa.,Yan’uklu’lusa’ ka’api’ñina’ ma’nenpi’nta’.,TRUE,,,,,,
FL_0062,Se alimentan de puro peje.,Nawa’ weranenna’ nuka’a samersa’.,TRUE,,,,,,
FL_0063,Otras esperan al mijano paradas en el agua.,Ali’ladaper wanerdektusu’ wa’tenñina’ wadi’.,TRUE,,,,,,
FL_0064,"Así, sin dificultad, pican sus pejes.",Nu’su’ saka’dek’inpu’ ekkuañina’ samernenna’.,TRUE,,,,,,
FL_0065,Allí digieren los pejes que comieron.,Nanek dalliñina’ samernenna’ ka’er’kasu’.,TRUE,,,,,,
FL_0066,Mientras tanto el mijano ya va surcando.,"Nanekwalek wadi’ ipa’ penwiner’apilalli,",TRUE,,,,,,
FL_0067,Entonces los pejes se comen entre ellos.,Nanek samerlusa’ nawa’tuchin inka’llina’.,TRUE,,,,,,
FL_0068,Los súngaros cacean en el agua.,Da’wanserlusa’ werandektullina’.,TRUE,,,,,,
FL_0069,Cuando termina el mijano ya no tienen mucha comida.,Wadi’ ta’wantusik a’pinta’ enpu’ni weranwi’ñina’.,TRUE,,,,,,
FL_0070,Tras hallarla se van al catahual (cerca de la cocha).,Kananna’ pa’llina’ siseknalaluk.,TRUE,,,,,,
FL_0071,Para secarse y calentar sus cuerpos mashaquean en el sol.,Yaenpinna’ yaukapinna’ kekkik pilatullina’.,TRUE,,,,,,
FL_0072,Lo que sobra lo dejan ahí.,Dansu’a’su’ nanek ta’itula’llina’.,TRUE,,,,,,
FL_0073,"Cuando mayaquea, el gallinazo comiendo loacaba.",Analu’tusik supu’ler ka’an pekdalli.,TRUE,,,,,,
FL_0074,"Donde les cae la tarde, duermen.",Nawa’ er’water’kek wichi’llina’.,TRUE,,,,,,
FL_0075,Comen todo lo que encuentran en el monte.,Nawa’ ka’llina’ iñer’ kananer’kasu’ tanak.,TRUE,,,,,,
FL_0076,La huangana hembra tiene solo unita cría.,Laman ku’apenñen ala’shasa’ wawinwanpalli.,TRUE,,,,,,
FL_0077,"Cuando matan a su madre, la cría permanece ahí.",Ashinen dei’ta’ser’ wawin nanek llia’lli.,TRUE,,,,,,
FL_0078,"La huangana es de color negro, su carne es comestible, es sabrosa.","Laman ker’pi nuka’a, lu’lunen ka’lek, iyalli.",TRUE,,,,,,
FL_0079,También se vende su carne ahumada.,Nu’sik’unta’ lu’lunen chinpi uku’latulek.,TRUE,,,,,,
FL_0080,"Antes su cuero costaba, pero ahora no.","Napi’ chipiteknen pa’tuwiñi, ipa’lina’ ku’la.",TRUE,,,,,,
FL_0081,Antes el cuero de la huangana costaba.,Napi’ laman chipitek pa’tuwiñi.,TRUE,,,,,,
FL_0082,A veces las huanganas llegaban a Jeberos.,Nerpi’pu’lusa’ lamanlusa’ ektu’wiñina’ Shiwiluk.,TRUE,,,,,,
FL_0083,Las huanganas no demoraban en Jeberos.,Lamanlusi’na tekda’pi’ñina’ Shiwiluk.,TRUE,,,,,,
FL_0084,"Los hermanos que se adelantaban, ellos mataban.","Yalli’walusa’ ektercher’kasu’, nawa’ dei’tullina’.",TRUE,,,,,,
FL_0085,Sin haber disparado ya tenía su huangana.,Ilanchinpu’la’pin ipa’ lamanwañi.,TRUE,,,,,,
FL_0086,Después se prepara el ahumadero con palos delgados.,Nanekla chinalatulek a’mernalalek.,TRUE,,,,,,
FL_0087,Tiene solo una cría.,Ala’shasa’ wawinwanpalli.,TRUE,,,,,,
FL_0088,No duerme en un hueco.,Lallik wicha’pi’ñi.,TRUE,,,,,,
FL_0089,Así descansa la sachavaca.,Nu’su’ neriapalli panwala.,TRUE,,,,,,
FL_0090,A veces se mete a las chacras.,Nerpi’pu’lusa’ yunsu’palli menminlusak.,TRUE,,,,,,
FL_0091,"Ahí se come los sembríos, hojas de plátano, hojas de yuca, piña.","Nanek ka’lli ter’a’lusa’, tankumek, ker’mek, senpa.",TRUE,,,,,,
FL_0092,No hace su camino por cualquier lugar.,"Nana enkasu’lupa’pi’nta’ dekkunen nu’tapi’ñi,",TRUE,,,,,,
FL_0093,Conoce por dónde quizás abrir.,Nana luwer’apalli enkasu’lupi’pa’ ekker’chechu.,TRUE,,,,,,
FL_0094,"Prefiriendo la altura, por ahí abre su camino.",Wadun erpilu’ nanalupa’ ekker’chulli dekkunen.,TRUE,,,,,,
FL_0095,"De esta manera, la sachavaca ayuda al hombre.",Nu’su’ panwala katu’pa’palli enmu’pinen.,TRUE,,,,,,
FL_0096,"Por otro lado, a la sachavaca le gusta la sal.",Nu’sik’unta’ panwala iyatulli damula.,TRUE,,,,,,
FL_0097,Con eso se le hace su colpa.,Nanalek nu’itulek ka’lu’tunan.,TRUE,,,,,,
FL_0098,"En la noche, este animal come la colpa.",Asu’ añimar dekpilli’ ka’lu’tapalli.,TRUE,,,,,,
FL_0099,Ahí acuden muchas sachavacas.,Nanek wapu’ panwalalusa’ pa’apallina’.,TRUE,,,,,,
FL_0100,Esto he aprendido de mi abuelo finado.,Asu’ ñinchitulek papinkuwekkukla.,TRUE,,,,,,
FL_0101,El majaz tiene solo una cría anualmente.,Ala’shasa’ wawinwanpalli ekkilalak.,TRUE,,,,,,
FL_0102,Allá el perro olfateando lo halla en el hueco.,Nanek ñiñi’ler laneran kanañi lallik.,TRUE,,,,,,
FL_0103,"Entonces, picándole con palo puntalado, se le mata.",Nanek nala ekdenpilek ekkuan’ak dei’tulek.,TRUE,,,,,,
FL_0104,Por eso dice que el majaz se convierte en shushupe.,Nanamalek tulli dekkanan naterkek ñinta’lli.,TRUE,,,,,,
FL_0105,La rana es un anfibio.,Uwan i’na ala’sa’ anfibio nuka’a.,TRUE,,,,,,
FL_0106,"Vive en el monte, se esconde en los huequitos.",Nanpipalli tanak insekkitapalli lallinshalusak.,TRUE,,,,,,
FL_0107,Luego se convierten en renacuajos.,Nanekla sukellu’ ñinta’llina’.,TRUE,,,,,,
FL_0108,Una vez juntadas las ranas se llevan a casa.,"Si’yektak uwanlusa’, pidik ekpanta’lek.",TRUE,,,,,,
FL_0109,De ahí se les saca las tripas.,Nanekli’na usui’tulek dullinen.,TRUE,,,,,,
FL_0110,"La rana es sabrosa en patarashca, envuelta en hoja de bijao.","Uwan iyalli akipik, iyunamekkek pu’pi.",TRUE,,,,,,
FL_0111,La mijanada de la rana dura uno o dos días.,"Uwan wadi’nen tekda’lli ala’ uklli, katu’ uklli.",TRUE,,,,,,
FL_0112,Se quedan sin sembríos una vez que merma el río.,Tera’wi’nsu’ llia’llina ishansik kupin dekshadek.,TRUE,,,,,,
FL_0113,Viven en la restinga.,Chitekpiluk nanpillina’.,TRUE,,,,,,
FL_0114,Con lo que sobra el añuje le ayuda.,A’dansu’a’su’ ekchekler katu’pa’palli.,TRUE,,,,,,
FL_0115,Nunca se ve que se ahogue.,Ñi enpi’ lli’i’nek chimidekta’su’.,TRUE,,,,,,
FL_0116,Aumentan para desovar en la época de vaciante.,Nadallina’ ishan ukllik wadeker’kek.,TRUE,,,,,,
FL_0117,Les voy a contar de la Mujer Renaco.,Wintekchenma’ Ellalunki.,TRUE,,,,,,
FL_0118,"Antiguamente, el renaco era una mujer.",Napi’ ella alasa’ ku’aper ñiwiñi.,TRUE,,,,,,
FL_0119,"Le tenían miedo, extraño le veían,","Tekkwatullina’, nerpi’la lli’llina’.",TRUE,,,,,,
FL_0120,"Por eso, triste la Mujer Renaco iba en la calle.",Nanamalek we’inutusu’ Ellalun pa’lli kallik.,TRUE,,,,,,
FL_0121,Con lo que sobra el añuje le ayuda.,A’dansu’a’su’ ekchekler katu’pa’palli.,TRUE,,,,,,
FL_0122,Nunca se ve que se ahogue.,Ñi enpi’ lli’i’nek chimidekta’su’.,TRUE,,,,,,
FL_0123,Aumentan para desovar en la época de vaciante.,Nadallina’ ishan ukllik wadeker’kek.,TRUE,,,,,,
FL_0124,Les voy a contar de la Mujer Renaco.,Wintekchenma’ Ellalunki.,TRUE,,,,,,
FL_0125,"Antiguamente, el renaco era una mujer.",Napi’ ella alasa’ ku’aper ñiwiñi.,TRUE,,,,,,
FL_0126,"Le tenían miedo, extraño le veían,","Tekkwatullina’, nerpi’la lli’llina’.",TRUE,,,,,,
FL_0127,"Por eso, triste la Mujer Renaco iba en la calle.",Nanamalek we’inutusu’ Ellalun pa’lli kallik.,TRUE,,,,,,
FL_0128,"Le llamó, “Ven, quiero hablarte”, le dijo.","Peklu’lli. “Wekker’, yaluntullen”, itulli.",TRUE,,,,,,
FL_0129,"Luego, a otro joven le encontró, él tampoco quiso
acercársele.","Nanekla ali’la nadi’nek kanañi, nanalerunta’ yakawi’i’ñi.",TRUE,,,,,,
FL_0130,"Así, triste, andaba la Mujer Renaco.","Nu’su’, we’inutusu’, pa’apawiñi Ellalun.",TRUE,,,,,,
FL_0131,"Estando andando, entonces, encontró a otro joven.","Pa’apan, ipa’linchi, ali’la nadi’nek kanañi.",TRUE,,,,,,
FL_0132,"El joven se acercó; acercándose, le dijo: “¿Qué
quieres?”","Nadi’nekler kawilli; kawin “¿Ma’nen luwantula?”,
itulli.",TRUE,,,,,,
FL_0133,"Ahora sí, acercándose quiere hablarle.","Ipa’lina’, kawin yaluntulli.",TRUE,,,,,,
FL_0134,Pero él no sabía que ella era la Mujer Renaco.,Nani’na ñinchichi’ñi Ellalun ipa’chi’ñi nana.,TRUE,,,,,,
FL_0135,"Ahí, entonces, se convirtieron en árbol.","Nanek, ipa’linchi, nalak ñinta’llina’.",TRUE,,,,,,
FL_0136,"Por eso, hoy en día, el renaco no crece solito.","Nanamalek, ipa’la, ella nanashasa’ susupi’ñi.",TRUE,,,,,,
FL_0137,"Crece apegado a otro árbol, abrazado abrazado.","Susupalli ali’la nalak pasun, wiperi’n wiperi’n.",TRUE,,,,,,
FL_0138,"Vean ahora, abrazado al tronco de un árbol crece.","Enta’ lli’ku’, ipa’la wiper’in nalanan susupalli.",TRUE,,,,,,
FL_0139,"Así vive, por eso nunca se despega.","Nu’su’ nanpipalli, ñinpi’ apu’tapi’ñi.",TRUE,,,,,,
FL_0140,Antiguamente la sachavaca era persona y quería engordarse.,Napi’ panwala muda’ñan yaweiwiñi.,TRUE,,,,,,
FL_0141,"Siendo así, no sabía cómo hacer para engordarse.",Nu’ani’na ñinchichi’ñi ma’pu’si’pa’ weietchu.,TRUE,,,,,,
FL_0142,"Estando andando pensó “¿cómo me engordaría, caramba?”, dijo la Mujer Sachavaca.","Pa’apan inlli’inutulli “¿ma’pu’su’ta’ weinaseku ten?”, tulli Panwalalun.",TRUE,,,,,,
FL_0143,Primero fue donde las aves.,Nanentu ilanser’lusak palli.,TRUE,,,,,,
FL_0144,"A ellas les quitó sus carnes, a todas les desolló.","Nawa’ lu’lunnenlusa’ siwerchudeklli, iñer’ sekkektudeklli.",TRUE,,,,,,
FL_0145,Primero fue donde la Mujer Pinsha.,Nanentu pa’lli Duwinlunkek.,TRUE,,,,,,
FL_0146,Haciéndole cosquillas le quitó su carne.,Shikillek’an siwerchulli lu’lunnen. ,TRUE,,,,,,
FL_0147,Luego fue donde la Mujer Pucacunga.,Nanekla pa’lli Chunserlunkek.,TRUE,,,,,,
FL_0148,"A ella también, cosquilleándole, le quitó su carne.",Nananta’ shikillek’an siwerchulli lu’lunnen.,TRUE,,,,,,
FL_0149,Así estaba aumentando su carne.,Nu’su’ a’nadapilawiñi lu’lunnen.,TRUE,,,,,,
FL_0150,También fue donde la Mujer Perdiz.,Nu’sik’unta’ pa’lli Dunkululunkek.,TRUE,,,,,,
FL_0151,"A ella también, cosquilleándole, quería quitarle su carne.",Nananta’ shikillek’an yasiwerchuwiñin lu’lunnen.,TRUE,,,,,,
FL_0152,Pero ella se bocabajó bien.,Nani’na per’pa’lli musu’.,TRUE,,,,,,
FL_0153,"Aunque le había cosquilleado, ella no se rió.","Shikillikwiñi, nani’na yameri’ñi.",TRUE,,,,,,
FL_0154,Por eso la Mujer Sachavaca no le quitó toda su carne.,Nanamalek Panwalalunler siwer’chi’ñi iñer’ lu’lunnen.,TRUE,,,,,,
FL_0155,De su espalda nomás se la cogió.,Piteknenkeksakla meitulli.,TRUE,,,,,,
FL_0156,"Por eso, la perdiz tiene bastante carne en su pecho.",Nanamalek dunkululun wapu’ lu’lunwanpalli chi’teknenkek.,TRUE,,,,,,
FL_0157,(La Mujer Sachavaca) no se sentía bien al no completar su carne.,Musu’ kankanchi’ñi a’yennichinpu’ lu’lunnen.,TRUE,,,,,,
FL_0158,"Entonces, dijo: “No puedo engordarme, mejor sería que aumente mi carne con arcilla”.","Nanekli’na tulli: “Yennichi’nek weya’kasu’, a’pimuetchun diteklulek lu’lunuk a’nadaetchek”.",TRUE,,,,,,
FL_0159,"Diciendo esto, la Mujer Sachavaca se fue al monte a buscar arcilla.",Tan ima Panwalalun pa’lli tanak diteklu’ yadunker’an.,TRUE,,,,,,
FL_0160,"Entonces, hallando la arcilla y sacándola, se lo embarró todo su cuerpo.","Ipa’linchi, diteklu’ kanan usuk, iñer’ pinenkek a’per’ku’tulli",TRUE,,,,,,
FL_0161,"De ahí, pues, la Mujer Sachavaca se engordó.","Nanekla, ipa’linchi, Panwalalun weiluñi.",TRUE,,,,,,
FL_0162,"Entonces, se sintió bien.",Ipa’linchi musu’ kankantulli.,TRUE,,,,,,
FL_0163,"Por eso, ahora, convirtiéndose en animal la sachavace tiene bastante carne.","Nanamalek, ipa’la, panwala añimarñan wapu’ lu’lunwanpalli.",TRUE,,,,,,
FL_0164,"“Con arcilla le ha aumentado”, han dicho las antiguas.","“Di’teklu’lek a’nadalli”, tullina’ amiku’lusa’.",TRUE,,,,,,
FL_0165,Por eso a la sachavaca no le comen algunos.,Nanamalek panwala ka’api’ñina’ nu’unta’lusa.,TRUE,,,,,,
FL_0166,Porque aumentó su carne con arcilla.,Diteklu’lek a’nada’su’ malek lu’lunen.,TRUE,,,,,,
FL_0167,A veces la sachavaca anda buscando arcilla.,Nerpi’pu’lusa’ panwala pa’apalli dunker’an di’teklu’.,TRUE,,,,,,
FL_0168,Hasta ahora come arcilla porque tiene un poco de sal.,Di’teklu’ ipa’lalek ka’apalli a’mercha damulawansu’ malek,TRUE,,,,,,
FL_0169,"Su carne es rica; por eso, a veces, cuando se la encuentra se la mata, porque tiene bastante carne.","Lu’lunnen iyalli; nanamalek, nerpi’pu’, kanak dei’tu’lek, lu’lunnen wapu’ a’ña’su’ malek.",TRUE,,,,,,
FL_0170,La sachavaca vive en el monte.,Panwala tanak nanpipalli.,TRUE,,,,,,
FL_0171,Tiene su trocha como la de la gente.,A’ñapalli dekkunnen muda’kinpu’su’.,TRUE,,,,,,
FL_0172,La sachavaca es un lindo animal.,Panwali’na u’chimu añimar nuka’a.,TRUE,,,,,,
FL_0173,Ahora les voy a contar porqué quizás la iguana tiene lindas pintitas.,Ipa’la wintetchenma’ ma’malek ipa’ pekkuala u’chimu llinsercha a’ñapalli.,TRUE,,,,,,
FL_0174,Y porqué quizás el motelo tiene tremendas pintotas nomás.,Madu ma’malek ipa’ u’nei llinsersa’ a’ñapalli.,TRUE,,,,,,
FL_0175,"Antiguamente, la Iguana y la Motelo eran gente, dos señoritas bonititas eran.",Napi’ ima Pekkuala Madulek muda’ ñanna’ katu’ta’ wilalunlusa’ u’chimulunlunshala ñiwiñina’.,TRUE,,,,,,
FL_0176,"Un día, dijeron “¡Vamos a la fiesta!”",Nanekli’na tullina’ “¡Enchu pistak!”,TRUE,,,,,,
FL_0177,“Está bien” acordaron.,“Mu’chun” tullina’.,TRUE,,,,,,
FL_0178,“Pero para ir a la fiesta hay que pintarse diseños (en el cuerpo)” dijeron.,“Pistak i’na yapa’ak inllinserlek” tullina’.,TRUE,,,,,,
FL_0179,"“Esta bien, pintémonos la una a la otra”.","“Mu’chun, inllinser’a”. ",TRUE,,,,,,
FL_0180,"Entonces, empezaron a pintarse (el cuerpo).",Nanekli’na tenmiansu’llina’ inllinsererkek.,TRUE,,,,,,
FL_0181,Primero fue pintada la Iguana.,Nanentu llinserllina’ Pekkuala.,TRUE,,,,,,
FL_0182,La Iguana dijo “Esta pintita quiero yo” y le mostró (el diseño) a la Motelo.,Pekkuala tulli “Asu’ llinsercha kua luwantulek” tan a’lli’lli Madu.,TRUE,,,,,,
FL_0183,Entonces la Motelo le pintó todo su cuerpo bien bonito (a la Iguana).,Maduler i’na u’chimusha iñer’ pinen llinserlli.,TRUE,,,,,,
FL_0184,"Acabando de pintarla, la Motelo dijo “¡A mí también píntame!”","Tekkinek’an llinsera’su’ tulli: “¡Kuanta’ llinser’u!”, tulli Madu.",TRUE,,,,,,
FL_0185,Motelo le mostró (a la Iguana cómo quería que la pinte).,Madu llinser’an tanpa’nenkek a’lli’lli. ,TRUE,,,,,,
FL_0186,“Así como esto quiero que me pintes” dijo la Motelo.,“Asu’pu’su’ kua luwantulek llinsera’musu’” tulli Madu.,TRUE,,,,,,
FL_0187,Muy bien” dijo la Iguana.,“Mu’chun” tulli Pekkuala.,TRUE,,,,,,
FL_0188,La Iguana comenzó a pintar a la Motelo.,Pekkuala tenmiansu’lli llinsera’su’ Madu.,TRUE,,,,,,
FL_0189,Comenzó por su espalda.,Piteknenkekla tenmiansu’lli.,TRUE,,,,,,
FL_0190,La Motelo no veía cómo le estaban pintando.,Madu lli’i’ñi ma’pu’si’pa’ llinserapallina’.,TRUE,,,,,,
FL_0191,Después de pintar (a la Motelo) la Iguana le dijo “Ya te diseñé. ¡Vamos a la fiesta!”,Ipa’linchi llinseran Pekkualaler itulli “Ipa’ llinserllen. Enchu pistak pa’a”.,TRUE,,,,,,
FL_0192,“Vamos” le contestó (la Motelo).,“Pa’a” itulli.,TRUE,,,,,,
FL_0193,"Y, así, se fueron a la fiesta las dos.",Pistak pa’llina’ ipa’linchi katu’daper.,TRUE,,,,,,
FL_0194,"Entrando a la fiesta, bailaron. Han bailado.",Pistak da’anna’ ipa’linchi lansa’llina’. Llansa’llina’.,TRUE,,,,,,
FL_0195,"Al ver a la Motelo, la gente se burlaba de ella debido a sus diseños.",Madu lli’anna’ llinsenñenmalek lumellina’.,TRUE,,,,,,
FL_0196,Pero ella (la Motelo) no entendía porqué se,Nana ñinchichi’ñi ma’malek ipa’ lumerapallina’.,TRUE,,,,,,
FL_0197,"“¿Por qué será que se ríen de mí, caramba?” preguntó la Motelo.",“¿Ma’malek a’ta’ lumerllinerku ten?” tulli Madu.,TRUE,,,,,,
FL_0198,Alguien le dijo “Se están burlando de ti debido a tus diseños”.,Ali’laler itulli “Llinserpenmalek lumerapallinerken”.,TRUE,,,,,,
FL_0199,"Entonces, recién se enteró de que sus diseños eran feos.",Nanek tekkinchi ñinchitulli u’chimuinpu’ llinsenñen.,TRUE,,,,,,
FL_0200,"Por eso, hasta el día de hoy la Motelo lleva nomás las tremendas pintotas que le diseñó la Iguana.","Nanamalek ipa’lalek ekpa’palli Madu u’nei llinsercheksa’, Pekkualaler llinsera’su’.",TRUE,,,,,,
FL_0201,La Motelo le pintó bien bonito (a la Iguana).,Maduler u’chimusha llinserlli.,TRUE,,,,,,
FL_0202,"Por eso, hasta el día de hoy ella tiene sus pintitas bonitas.",Nanamalek nana ipa’lalek llinserchanen a’ñapalli u’chimusha.,TRUE,,,,,,
FL_0203,Así quedó la Motelo hasta el día de hoy.,Nu’su’ llia’lli ipa’lalek Madu.,TRUE,,,,,,
FL_0204,Así quedó la Iguana hasta el día de hoy.,Nu’su’ llia’lli Pekkuala ipa’lalek.,TRUE,,,,,,
FL_0205,¡Quién sabe hasta cuándo llevarán estas pintas!,¡Enpi’walek ipa’ nana llinser ekpetchuna’!,TRUE,,,,,,
FL_0206,"Antiguamente, dice, el Carachupa era pifuanero.",Chi’lek ima napi’ pilenñantutek ñiwiñi.,TRUE,,,,,,
FL_0207,Muy bonito tocaba su pifuano el Carachupa en ese tiempo.,Enpu’nipa’ u’chimusha pilenñantulli Chi’lek napi’.,TRUE,,,,,,
FL_0208,"Cuando pifuaneaba, todas las mujeres bailaban.",Pilenñantusik ima lansa’llina’ iñer’ ima ku’apellusa’,TRUE,,,,,,
FL_0209,"Antes, a las mujeres les decían yungururu, paujil, pucacunga, perdiz…","Napi’ ima ku’apellusa’ itudekllina’ asu’ dunkululun, isha, chunser, uwek…",TRUE,,,,,,
FL_0210,Ellas bailaban cuando pifuaneaba el Carachupa.,Nawa’lusi’ma lansa’llina’ pilenñantusik Chi’lek.,TRUE,,,,,,
FL_0211,"Entonces, andaba (por ahí) el abuelo Tigre.",Nu’an ima pa’apilallima asu’ papinku Amana’.,TRUE,,,,,,
FL_0212,"Andando, el abuelo se fue a ver a las que bailaban tanto, cuando pifuaneaba el Carachupa.","Papinku pa’apilan lli’kuñima enpu’nipi’ma lansa’pa’ser’, pilenñantusik Chi’lek.",TRUE,,,,,,
FL_0213,"Entonces, yendo a ver, les dijo a las mujeres:",Nu’an imi’na nanek lli’apakun ku’aperllusa’ itudeklli:,TRUE,,,,,,
FL_0214,“¿Por qué bailan ustedes cuando pifuanea este Carachupa?” se fue a decirles.,"“Ma’ki’na kenmama’ lansa’palama’ asu’ Chi’lek pilenñantusik”, tukuñima.",TRUE,,,,,,
FL_0215,"“Ya que a nosotras nos gusta cuando él pifuanea, estamos bailando”, le contestaron.",“Kudanta’ nana luwantamudek pilenñantusik lansa’pallidek” na’pillina’’.,TRUE,,,,,,
FL_0216,"“Entonces, yo ahora le voy a quitar su pifuano a este Carachupa,” dijo el abuelo Tigre.","“Nu’pachi kua ipa’la asu’ Chi’lek siwerchechek pilenñanen”, tulli papinku Amana’.",TRUE,,,,,,
FL_0217,Las mujeres le dijeron: “¿Por qué le vas a quitar? Cuando pifuanea nosotras también queremos bailar”.,"Nana shaya’lusa’ler itullina’: “Ma’ki’na siwerc hechu, pilenñantusik kudanta’ yalans a’llidek ”.",TRUE,,,,,,
FL_0218,"“No, yo le voy a quitar. Yo también voy a pifuanear”, diciendo, se acercó al Carachupa.","“Ma’sha, kualer siwerchechek. Kuanta’ nu’pachi pilenñantechek,” tan ima Chi’lek kawilli.",TRUE,,,,,,
FL_0219,"“¿Dónde está tu pifuano, sobrino?” fue a decirle entrando.","“¿Enka’chana pilenñanpen, surinú?” itunta’llima",TRUE,,,,,,
FL_0220,"“Aquí está el pifuano, tío”, diciendo el Carachupa se lo dio.","“Ma’atasu’ pilenñanwek, apetchá”, tan Chi’lekler enka’lli.",TRUE,,,,,,
FL_0221,"“A ver, yo también quiero soplar”, le dijo.","“Enta’n kuanta’ yapenñek,” itullima.",TRUE,,,,,,
FL_0222,"El Tigre trató de soplar, pero el pifuano no sonó.","Amana’ yapenwiñi, ku’li’na illi’ñi pilenñan.",FALSE,,,,,,
FL_0223,"La boca del Tigre, dice, era grande y se equivocó allí nomás, su respiración no daba.","A’llupila’la’ ima nana Amana’, nanimi’na inpektunla’lli, nerideknen ima yenñichi’ñi.",TRUE,,,,,,
FL_0224,"Le hizo sonar, dice, pero no le hizo sonar tan bonito como pifuaneaba el Carachupa.","A’illiwiñima, ma’shi’na mushasu’ nana Chi’lek pilenñanta’su’pu’su’ a’illi’ñi.",TRUE,,,,,,
FL_0225,Sin…sin…sin…sin…. Así nomás (feo) le hacía sonar.,Sin…sin…sin…sin… tula’si’ma a’illiñi.,TRUE,,,,,,
FL_0226,"Así, pues, de cualquier manera le hizo sonar el",Nu’an imi’na ma’pu’su’pi’nta’ a’illiñi Amana’.,TRUE,,,,,,
FL_0227,Dice que ya no quería devolverle su pifuano al Carachupa; se lo llevó donde él vivía.,A’pinti’ma yaenki’ñi Chi’lek pilenñanen; ekpei’tunta’lli enñupi’pa nana ñak.,TRUE,,,,,,
FL_0228,"El Tigre se iba solo, haciendo sonar sin…sin…sin,","Pa’apilanta’llima, sin…sin...sin a’tapilanta’la’llima, pilenñantan Amana’ pidekñikwalek.",TRUE,,,,,,
FL_0229,"El Carachupa, dice, le siguió al Tigre para quitarle su pifuano.","Chi’lek ima tupitunta’lli Amana’, pilenñanen yasiwerchan.",TRUE,,,,,,
FL_0230,"Llegando a la casa del Tigre le gritó: “¡Ven a comerme, tío! ¡Ven a comerme, tío!”","Ektunta’n ima Amana’ pidik lamapu’tulli “¡Ka’encha’u, apetchá! ¡Ka’encha’u apetchá!”",TRUE,,,,,,
FL_0231,"Entonces, el Tigre vino corriendo para agarrar al Carahupa.","Ipa’linchi Amana’ tekkencha’lli, Chi’lek yapilli’tan.",TRUE,,,,,,
FL_0232,"Pero el Carachupa, dice, se metió a un hueco.",Chi’lek imi’na lallik da’kuñi.,TRUE,,,,,,
FL_0233,"Después de que entró al hueco, el Tigre metió su moquete y le agarró al Carachupa de la punta de su cola.",Da’lapisik ima isa’tukuñi pilli’tulli wiñisen llintekñikla Chi’lek.,TRUE,,,,,,
FL_0234,“¿Acaso te he agarrado?” le preguntó.,"¿“Pilli’tullen a’cha,”? itullima.",TRUE,,,,,,
FL_0235,"“Solo has agarrado la raíz de un árbol, tío” le respondió.","“Nalaiteksa’ pilli’tula, apetchá,” itullima.",TRUE,,,,,,
FL_0236,El Tigre le soltó un poco la cola y el Carachupa se metió más al fondo.,"Amana’ler a’mercha apu’lli llinteknen, nanek",TRUE,,,,,,
FL_0237,"“Aquí te voy a esperar. Cuando sientas hambre y salgas, te voy a comer”.","“Asek wa’ten’etchen kua. Uki’lan yunsu’encha’a’sin, kua ka’etchen,” itulli Amana’ler.",TRUE,"El Carachupa, todo su cabeza, su cola, sus brazos, sus piernas y su barriga, pura pluma se había hecho, parecía un ave.","Chi’lek iñer’ mutu’nen, llinteknen, tanpa’nen, tulanen, merpinen, anpulu’pisa’ ñilli, ilanser’pu’su’ lli’tulli.",,,,
FL_0238,"Ahí, dice, el Tigre estaba sentado.",Nanek ima Amana’ du’apallima.,TRUE,"Entonces, el Carachupa otra vez tocó su pifuano y las mujeres otra vez se pusieron a bailar.","Ipa’linchi Chi’lek nanapu’si’la pilenñantununta’lli, shaya’lusa’ nanapu’si’la lansa’nunta’llina’.",,,,
FL_0239,"Haciendo eso, dice, el Carachupa se metió más adentro y cavó una vuelta.","Nu’apan ima Chi’lek da’kun a’pinta’, iwa’tulli kuner’su’.",TRUE,,,,,,
FL_0240,"Cavando, salió ahí mismo donde estaba sentado el Tigre.",Iwa’tan ima asu’ du’apak’inchi Amana’ pekpikuñi.,TRUE,,,,,,
FL_0241,“¡Qué grandes son tus testículos!” dijo en su corazón el Carachupa.,“¡A’mellulunpi ken a’ka” kankañik!” tulli Chi’lek.,TRUE,,,,,,
FL_0242,Ya estaba delgadita la tierra (cerca a la superficie) y el Carachupa tuvo la idea de agarrar los testículos del Tigre.,"Ipi’ma simensha lupa’, Chi’lek kankantuwiñi yapilli’tan Amana’ kadu’pinen.",TRUE,,,,,,
FL_0243,"Nuevamente, vio que los testículos del Tigre colgaban.",Lli’nunta’llima nanek ukunpalli Amana’ kadu’lanenlusa’.,TRUE,,,,,,
FL_0244,"“¡Qué grandes habían sido tus testículos, tío!” volvió a decirle en su corazón.","“¡A’mellulunpin a’ka, apetchá!” itununta’llima kankañik .",TRUE,,,,,,
FL_0245,"Diciéndo eso, le agarró de los testículos y se colgó de sus huevos el Carachupa.","Nu’tan imi’na, pilli’kadu’latan ima, ukunkadu’lalli nana Chi’lek.",TRUE,,,,,,
FL_0246,El Carachupa le arrancó los testículos al Tigre.,Chi’lekler usetchekkadu’lalli Amana’.,TRUE,,,,,,
FL_0247,"Revolcándose y gritando de dolor, el Tigre se levantó y corrió capado.","Inpikanpan ima, Amana’ lamapu’pan ikercha’su’, yunsan tekka’lli makadu’lapi.",TRUE,,,,,,
FL_0248,"Entonces, el Carachupa agarró su pifuano y corrió en otra dirección.",Nu’an Chi’lek pilenñanen man tekka’lli ala’lupa’pi’la.,TRUE,,,,,,
FL_0249,Cuando había pasado aproximadamente un mes,Ala’dukerpu’su’ nakusik,TRUE,,,,,,
FL_0250,Nuevamente el Carachupa volvió a tocar su pifuano en una fiesta.,Nanapu’si’la Chi’lek pilenñantununta’lli pistak.,TRUE,,,,,,
FL_0251,Ahí las mujeres otra vez bailaban contentas.,Nanek shaya’lusa’ lansa’nunta’llina’ sakeksu’.,TRUE,,,,,,
FL_0252,Ya cuando terminó el baile,Ipi’ma pista ta’wantusik,TRUE,,,,,,
FL_0253,el Carachupa regresó a su casa a dormir.,Chi’lek adanta’lli pidekñik yawichi’nta’n.,TRUE,,,,,,
FL_0254,Cuando llegó a su casa se encontró con el Tigre que lo estaba esperando.,Pidekñik ektu’nta’sik inkanañi Amana’lek wa’ten’apa’su’.,TRUE,,,,,,
FL_0255,"“Ahora sí, sobrino, te voy a comer”, le dijo.","“Ipa’la’ka, surinú, ka’etchen,” itullima.",TRUE,,,,,,
FL_0256,"“No me comas, tío. ¿Por qué me vas a comer?”","“Aner’ yaka’tun, apetchá. ¿Ma’ki’na ka’etchunku?”",TRUE,,,,,,
FL_0257,Entonces el Carachupa se escapó corriendo.,Ipa’linchi Chi’lek chi’yeklli tekka’nta’n.,TRUE,,,,,,
FL_0258," “Ahora sí, atrápame, tío” le dijo el Carachupa al Tigre.","“Ipa’la a’ka pilli’tuu, apetchá!” itulli Chi’lekler Amana’.",TRUE,,,,,,
FL_0259,El Carachupa corrió rápidamente donde las mujeres y les dijo: ,Chi’lek wiuksu’ tekka’nta’lli shaya’lusak. Itudeklli: ,TRUE,,,,,,
FL_0260,"“Escóndanme, el Tigre me quiere atrapar”.","“Sekkituu’ku’, Amana’ yapilli’tullun”",TRUE,,,,,,
FL_0261,"Las mujeres, dice, le bañaron con resina de leche caspi y le pegaron plumas en todo su cuerpo.",Shaya’lusa’ler a’ma’tanna’ ekka’deklek anpulu’lek a’per’ku’tullina’ iñer’ pinen.,TRUE,,,,,,
FL_0262,"Cuando hacían eso, el tigre Viejo llegó nuevamente.",Nu’apa’ser’ ima Amana’ taserpi nanapu’si’la ektu’nunta’lli.,TRUE,,,,,,
FL_0263,"Al ver al Carachupa cubierto de plumas, le desconoció.",Lli’an Chi’lek anpulu’wa’nsu’ a’pinta’ luwerchi’ñi.,TRUE,,,,,,
FL_0264,“¿Quién es este señor?” les fue a decir (a las mujeres).,“Den i’na asu’ yalli’?” itukundekllima.,TRUE,,,,,,
FL_0265,“Este es el hombre enplumado”,“Asui’na anpulu’ muda’”,TRUE,,,,,,
FL_0266,le dijeron las mujeres al Tigre.,itullina’ nana shaya’lusa’ler Amana’.,TRUE,,,,,,
FL_0267,"Entonces, el Tigre se fue por otro lado en busca del Carachupa.",Ipa’linchi Amana’ pa’lli nellupa’pi’la yadunker’an Chi’lek.,TRUE,,,,,,
FL_0268,"“¡Pifuanea otra vez, vamos a bailar!” ","“¡Pilenñantununter’, lanserchidek!” ",TRUE,,,,,,
FL_0269,le dijeron al Carachupa (las mujeres).,itullina’ Chi’lek.,TRUE,,,,,,
FL_0270,El Carachupa volvió a pifuanear y las mujeres nuevamente volvieron a bailar felices.,Chi’lek pilenñantununta’lli. ,TRUE,,,,,,
FL_0271,,Shaya’lusa’ nanapu’si’la lansa’nunta’llina’ sakeksu’.,TRUE,,,,,,
FL_0272,"Desde entonces y hasta el día de hoy, el viejo Tigre está buscando a su sobrino Carachupa.",Naneklanek Amana’ taserpi ipa’lalek dunker’apalli surinunen Chi’lek.,TRUE,,,,,,
FL_0273,Un joven quería tener enamorada y salió a buscar.,"Ala’sa’ nadi’nek yaekkuanwanwiñi, yunsu’lli yadunker’an.",TRUE,,,,,,
FL_0274,"Yendo a ver a una señorita, le propuso que sea su enamorada.","Ala’sa’ wilalun lli’kun, dunker’lli ekkuanenki.",TRUE,,,,,,
FL_0275,La señorita le dijo: ,Wilalunler itulli: ,TRUE,"Entonces, el joven se fue a la cocina de su abuelita a traer un voltijo de yuca cocinada.","Ipa’linchi nadi’nek panta’lli aminen kusina’ñik, manta’lli ala’ pu’pi ker’ akusupi.",,,,
FL_0276,“Te voy a querer si me traes yuca cocinada”.,“Luwantetchen keritupachinku ker’ akusupi”.,TRUE,,,,,,
FL_0277,Eso fue a regalarle a su pretendida.,Nana panunta’lli ekkuanen yaña’su’.,TRUE,,,,,,
FL_0278,La señorita lo recibió y le dijo: ,Wilalunler sekkaper’an itulli: ,TRUE,,,,,,
FL_0279,“Ahora regálame caña de azúcar”.,“Ipa’la panu’u lasenñan”.,TRUE,,,,,,
FL_0280,"Entonces, el joven fue a la chacra de su mamá, fue a traer una carga de caña.","Ipa’linchi nadi’nek pa’lli awanen menmiñik, makuñi ala’ tenpunan lasenñan.",TRUE,,,,,,
FL_0281,Eso también fue a regalarle a la señorita.,Nananta’ wilalun panunta’lli.,TRUE,,,,,,
FL_0282,La señorita lo recibió y le dijo:,Wilalunler sekkaper’an itulli:,TRUE,,,,,,
FL_0283," “Ahora sí, si me traes ají te voy a querer”.", “Ipa’la’ka nuka’ keritupachinku luwantetchen”.,TRUE,,,,,,
FL_0284,El joven se fue nuevamente a la chacra de su abuelita.,Nadi’nek nanapu’si’la pa’lli aminen menmiñik.,TRUE,,,,,,
FL_0285,"De ahí, fue a traer un voltijo de ají.",Nanekla makuñi nuka’ ala’ pu’pi.,TRUE,,,,,,
FL_0286,Mientras volvía venía diciendo: ,Adanpilencha’n tapilencha’lli: ,TRUE,,,,,,
FL_0287,“Con esto sí que me va a querer esa señorita”.,“Asu’lek a’ka ipa’ luwantetchunku nana wilalunsha”.,TRUE,,,,,,
FL_0288,"Llegando, fue a regalarle el voltijo de ají.",Ektu’nta’n panunta’lli nuka’ pu’pi.,TRUE,,,,,,
FL_0289,"Entonces, la señorita le dijo: ",Ipa’linchi wilanlunler itulli: ,TRUE,,,,,,
FL_0290,"“¿Acaso yuca cocinada, acaso caña de azúcar, acaso ají te he pedido?","“¿Ker’ akusupi a’cha, lasenñan a’cha, nuka’ a’cha lekllin?",TRUE,,,,,,
FL_0291,"Yo te he pedido yungururo, pinsha, paujil .","Kui’na lekllen dunkululun, duwin, isha.",TRUE,,,,,,
FL_0292,"Tú no vales nada, eres un afasi.","Kenma ma’kek pa’chi’na, uku’lu’tekken nuka’ma.",TRUE,,,,,,
FL_0293,"Vete, regrésate, ahorita te voy palear”, le ha dicho al joven.","Paker’ adanter’, ipia’la nalaktetchen itullima’ nadi’nek.",TRUE,,,,,,
FL_0294,Él se fue calladito.,Nana ta’tulan panta’lli.,TRUE,,,,,,
FL_0295,"Por no entender el pedido de la señorita, no consiguió enamorada.",Lachek’inpu’n wilalunler lek’a’su’ ekkuanen kani’ñi.,TRUE,,,,,,
FL_0296,Yo conocí Yurimaguas cuando era adolescente.,Kua luwerchulek Yurimawa’ nadi’nek wawaku ñamu.,TRUE,,,,,,
FL_0297,"Cuando enfermó mi mamá, viajamos en el bote de mi hermano.",Kaluwi’sik awawek yalli’shawek a’llupi nunkek pa’llidek.,TRUE,,,,,,
FL_0298,Fuimos para mandar curar a nuestra mamá en el hospital.,A’lulentukuñidek awawidek uspitalkek.,TRUE,,,,,,
FL_0299,Ahí conocí el río Aipena hasta su desembocadura en el Huallaga.,Nanek luwerchulek Erpina’ chinpenñanenwalek Wella’dik.,TRUE,,,,,,
FL_0300,"Me asusté al ver este río, ancho es su agua.","Imanantulek lli’amu asu’ kupin dekshadek, du’wadek nuka’a.",TRUE,,,,,,
FL_0301,"Su agua es turbia, no me gustó, no la quería tomar.","Deknen uchulu’dek, iyachi’nek, iyui’nek.",TRUE,,,,,,
FL_0302,"Tampoco quería bañarme, al ver su agua lodosa.",Yaami’nek’unta’ mumulu’dek lli’amu.,TRUE,,,,,,
FL_0303,"De esta manera, hemos surcado el Huallaga.",Nu’su’ penwinerchullidek Wella’dek.,TRUE,,,,,,
FL_0304,"Entonces, conocí el pueblo de Lagunas. Ahí también dormimos.",Nanek luwerchulek Sennan Ñinanlu’. Nanek’unta’ wichi’llidek.,TRUE,,,,,,
FL_0305,"Solo de día surcábamos, de noche no.","Uklliksa’ penwinerllidek, dekpilli’ ku’la.",TRUE,,,,,,
FL_0306,"Después de surcar cuatro días, llegamos a Yurimaguas.",Inkatu’ ukllik penwineramudek ektu’llidek Yurimawak.,TRUE,,,,,,
FL_0307,Mi hermano viajaba con su esposa.,Yalli’shawek sadinlek pa’lli.,TRUE,,,,,,
FL_0308,"De comida llevamos carne, masato y yuca; nada nos faltó mientras surcábamos.","Chuchu, uklulu’, ker’ ekpa’llidek weranki; ma’nen pawanchi’ñidek penwinerapilamudek.",TRUE,,,,,,
FL_0309,"Al llegar a Yurimaguas yo me asusté, al ver la ciudad tan grande.",Kua ektu’mu Yurimawak imanantulek lli’amu a’llupi ñinanlu’.,TRUE,,,,,,
FL_0310,Poco a poco me he acostumbrado.,Uti’lakla da’iyalek.,TRUE,,,,,,
FL_0311,No conocía las calles.,Kallilusa’ luwerchi’nek.,TRUE,,,,,,
FL_0312,Ahí probé por primera vez lo que llaman,Nanek luwerchulek “raspadilla” iter’kasu’.,TRUE,,,,,,
FL_0313,"Comprando, he chupado y me ha gustado.","Mapa’tamu pisha’lek, iyatulek.",TRUE,,,,,,
FL_0314,En ese tiempo no existía eso que llaman “curichi”.,Nana “curichi” iter’kasu’ napi’pu’ ñinpu’wiñi.,TRUE,,,,,,
FL_0315,"Asimismo, conocí el mercado. ",Nanek’unta’ luwerchulek mercado.,TRUE,,,,,,
FL_0316,Vi que vendían de todo.,Lli’lek uku’later’kasu’ dudinpu’lusa’.,TRUE,,,,,,
FL_0317,"Llegando a Yurimaguas nos hospedamos en la casa de un shiwilu, en la orillita del Huallaga.",Ektu’mudek Yurimawak da’kuñidek ala’sa’ Shiwilu pideknenkek. ,TRUE,,,,,,
FL_0318,,Wella’dek ukuchinshak.,TRUE,,,,,,
FL_0319,Su nombre era Evangelista Chota Mozombite.,Llillinen Banji Chuta Musunpiti.,TRUE,,,,,,
FL_0320,"A este hermano Evangelista, otros que eran como él le decían “Yacuruna” porque tenía la frente pelacha.","Asu’ yalli’wa Vanji nawa’pu’a’su’daperler itullina’ Dekmuda’, nuweklatu’ta’su’malek. ",TRUE,,,,,,
FL_0321,"En Yurimaguas estuvimos una semana, hasta que terminaran de curar a mi mamá.","Yurimawak ñapawiñidek ala’ simana’, awawek lulen’er’kekwalek.",TRUE,,,,,,
FL_0322,"Terminada la curación, regresamos a Jeberos en el mismo bote de mi hermano.","Ta’wantusik lulen’er’kasu’ adencha’llidek Shiwiluk, a’llupi nunkek i’la yalli’shawekki.",TRUE,,,,,,
FL_0323,Ahí también viajaron los profesores que iban a trabajar en Jeberos.,Nanek’unta’ ukllina’ a’lektuteklusa’ yasaka’tanna’ Shiwiluk.,TRUE,,,,,,
FL_0324,"Siendo ya un hombre joven, fui nuevamente a Yurimaguas para inscribirme como soldado, para obtener mi libreta militar.","Nanekla pa’nunta’lek Yurimawak a’pinta’ nadi’nektamu, yainllinserlapimu, yaa’ñamu kirka’wek suntatuki",TRUE,,,,,,
FL_0325,"Esa vez me quedé tres meses, trabajando para comprar mi ropa.",Napi’pu’ lli’alek kala duker’ yasaka’tamu mapa’tak kutunweklusa’.,TRUE,,,,,,
FL_0326,"Siendo ya un joven, yo también quería vestirme como los demás.",Ipa’ nadi’nektamu kuanta’ yai’shiwanek ali’ladaperpu’su’.,TRUE,,,,,,
FL_0327,Así conocí Yurimaguas. ,Nu’su’ luwerchulek Yurimawa’. ,TRUE,,,,,,
FL_0328,"Ahora acá vivo, tengo casa.","Ipa’la asek nanpipalek, pidekwanpalek.",TRUE,,Yurimawa’ u’chimusha nuka’a ikiñik ñinanlu’sak. ,,,,
FL_0329,Yurimaguas es bonito solo en el centro de la ciudad.,Yurimawa’ u’chimusha nuka’a ikiñik ñinanlu’sak. ,TRUE,,"Nanek’unta’ ñapalli illisia, alakanter’lusa’ pideknen, ",,,,
FL_0330,Sus casas son bonitas. ,Pideknenlusa’ u’chimushala nuker’ka. ,TRUE,,naneklanek alakanter’ saka’tapalli. ,,,,
FL_0331,Su iglesia es todavía más bonita.,Illisianen a’pinta’ u’chimusha nuka’a. ,TRUE,,"Nanek’unta’ mercadunen ñapalli, ",,,,
FL_0332,Al costado de su plaza están las tiendas.,Plazanen lallinteklusak ñapallina’ chinta’lusa’. ,TRUE,,ipa’ ituwiñenma’. Nanek dudinpu’ uku’latullina’.,,,,
FL_0333,"Ellos venden motocarros, celulares, furgonetas y otras cosas más de valor.","Nawa’ uku’latullina’ mutucarrulusa’, celularlusa’, furgunetalusa’, a’pinta’ dudinpu’lusa’ pa’ter’kasu’. ",TRUE,,Asu’ mercaduk saka’tulek kala duker witektamu. ,,,,
FL_0334,También está la iglesia y el palacio municipal donde trabaja el alcalde.,"Nanek’unta’ ñapalli illisia, alakanter’lusa’ pideknen, naneklanek alakanter’ saka’tapalli. ",TRUE,,Nanek kana’lek kulliker’chawek.,,,,
FL_0335,En todo el pueblo hay bastantes tiendas.,Iñer ñinanluk wapu’ chinta’lusa’ ñapallina’. ,TRUE,,nanamalek llillinen aku’tullina’ kuvi-19.,,,,
FL_0336,"También está su mercado, como ya les había dicho. ","Nanek’unta’ mercadunen ñapalli, ipa’ ituwiñenma’. ",TRUE,,"pronuncia como ""winduwiñenma""",,,,
FL_0336.5,Ahí venden de todo.,Nanek dudinpu’ uku’latullina’.,TRUE,,,,,,
FL_0337,Puedes comprar lo que quieras:,Kenma luwanta’masu’ mapa’tunansin: ,TRUE,,,,,,
FL_0338,"pescado, carne de chancho, gallina, condimentos, frutas, golosinas.","samer, kusherlu’, wa’dantek, pimuladalusa’, wayulusa’, kaser’llalusa’.",TRUE,,,,,,
FL_0339,"Todo lo que quieras, allá lo vas a encontrar.",Iñer’ luwanta’masu’ nanek kanenchu.,TRUE,,,,,,
FL_0340,En este mercado he trabajado tres meses como barredor. ,Asu’ mercaduk saka’tulek kala duker witektamu. ,TRUE,,,,,,
FL_0341,Ahí he ganado mi platita.,Nanek kana’lek kulliker’chawek.,TRUE,,,,,,
FL_0342,Con eso he comprado lo que me faltaba.,Nanalek mapa’tulek ma’nen’unta’ pawanta’kasu’.,TRUE,,,,,,
FL_0343,"En el centro del pueblo las calles son bonitas, ","Ikiñik ñinanluk kallilusa’ u’chimusha nuker’ka, ",TRUE,,,,,,
FL_0344,pero en las afueras las calles no son buenas.,dunsanlupi’na kallilusa’ mui’ñina’,TRUE,,,,,,
FL_0345,Cuando llueve se forma barro.,U’lansik mumulu’tullina’. ,TRUE,,,,,,
FL_0346,Después de la lluvia no se puede caminar,U’lan ma’ta’ yennichi’nek dekkunta’kasu’,TRUE,,,,,,
FL_0347,", es demasiado lodoso.",", nakusu’ mumulu’ nuka’a.",TRUE,,,,,,
FL_0348,Eso nomás no vale de Yurimaguas.,Nanasa’ mui’ñi Yurimawakki.,TRUE,,,,,,
FL_0349,"Cuando caminas por la calle, así doble de barro se pega a tu zapato.","Pa’a’sin kallilupa’, u’ne tanalu’ mumulu’ pasuñi.",TRUE,,,,,,
FL_0350,Eso nomás no me gusta.,Nanasa’ musu’ a’kankanchi’ñu.,TRUE,,,,,,
FL_0351,A veces quiero volver a mi pueblo.,Nerpi’pu’lusa’ ñinanlu’wekkek yaadanta’lek.,TRUE,,,,,,
FL_0352,Allá sí que después de la lluvia no se forma barro,"Nanek a’ka’ u’lan ma’ta’ lli’i’nek mumulu’,",TRUE,,,,,,
FL_0353,", bonito se camina por la calle.", kallik u’chimusha dekkuntulek.,TRUE,,,,,,
FL_0354,En la calle no se ensucia tu zapato.,Kallik sapatupen uchui’ñi.,TRUE,,,,,,
FL_0355,"Esta enfermedad llegó a fines del año 2019, ","Asu’ kaluwi’ ektu’kerlli 2019 ta’wantapilasik, ",TRUE,,,,,,
FL_0356,por eso le pusieron el nombre de covid-19.,nanamalek llillinen aku’tullina’ kuvi-19.,TRUE,,,,,,
FL_0357,"Esta enfermedad nunca la habíamos conocido, como conocemos otras enfermedades.","Asu’ kaluwi’ ñi enpi’ luwer’chi’nekwa’, ali’la kaluwi’lusa’pu’su’.",TRUE,,,,,,
FL_0358,Las enfermedades que habían antiguamente eran: ,Napi’ kaluwi’lusa’ ñiwiñina’: ,TRUE,,,,,,
FL_0359,"tos ferina, sarampión, viruela, quitamuro.","chinku’kaluwi’, saranpion, sa’la’pi, sa’punpi.",TRUE,,,,,,
FL_0360,"Estas enfermedades ya desaparecieron, los wiracochas que conocen de medicina le encontraron su vacuna; ","Asu’ kaluwi’lusa’ ipa’ wer’llina’, wa’danlusa’ ilulenna ñinchiter’kasu’, nawa’ler vacunanen kanintullina’; ",TRUE,,,,,,
FL_0361,con eso curaron (a los pacientes) hasta que desaparecieron (las enfermedades).,nanalek lulendekllina’ wer’akwalek.,TRUE,,,,,,
FL_0362,"A estas (enfermedades) nadie las ha producido,","Asu’ kaluwi’lusa’ nawa’ ñidenler nu’chi’ñi, ",TRUE,,,,,,
FL_0363, por eso desaparecieron rápidamente.,nanamalek wiuksu’ wer’llina’. ,TRUE,,,,,,
FL_0364,"Ahora, en cambio, dicen que el covid-19 fue producido por el hombre.",Ipa’li’na tullina’ kuvi-19 enmu’pinenler nu’tulli.,TRUE,,,,,,
FL_0365,Ya van tres años desde que llegó esta enfermedad.,Ipa’ kala ekkilala ñapilalli asu’ kaluwi’ ektu’kera’su’.,TRUE,,Ipa’ kala ekkilala ñapilalli asu’ kaluwi’ ektu’kera’su’.,,,,
FL_0366,"Con eso murieron muchos hermanos de edad avanzada,",Nanalek muinchi yalli’lusa’ chimiñina’,TRUE,,"Ipa’li’na ipa’ kanañina’ vacunanen, nanalek lulen’apadekllina’.",,,,
FL_0367," las hermanas mayores murieron,",", sha’shalusa’ chimiñina’, ",TRUE,,nawa’ pawanpallina’pi’la lulendek’er’ka’su’.,,,,
FL_0368," los señores importantes murieron,","yalli’lusa’ pa’ter’kasu’nta’ chimiñina’, ",TRUE,,ipa’la lulendek’apallina’ wilalusa’; ,,,,
FL_0369," los doctores murieron, ","lulentulusa’ chimiñina’, ",TRUE,,"aku’ker’ patannetchekmapu’, ",,,,
FL_0370,muchos policías murieron.,muinchi suntaDulusa’ chimiñina’.,TRUE,,Nanamalek nu’unta’lusa’ ayanlulenchinpu’wiñina’.,,,,
FL_0371,"Esta enfermedad ha arrasado en toda la Tierra, ","Asu’ kaluwi’ iñer’ Lupak panker’chulli,",TRUE,,,,,,
FL_0372,"hasta hoy sigue arrasando, ","ipa’lalek panker’chapilalli,",TRUE,,,,,,
FL_0373,no pueden encontrar su cura., innichi’ñina’ kananer’kasu’ ilulennanen.,TRUE,,,,,,
FL_0374,"Sin embargo, ahora ya han encontrado una vacuna, con eso están tratando (a la gente).","Ipa’li’na ipa’ kanañina’ vacunanen, nanalek lulen’apadekllina’.",TRUE,,,,,,
FL_0375,"Pero todavía no han vacunado en toda la Tierra, falta aún la mitad de la población mundial.","Ku’li’na iñer’ Lupak lulendek’i’ñina’pi’la,",TRUE,,,,,,
FL_0376,"Los hermanos que viven en la chacra, ","Yalli’lusa’ nanpier’ka’su’ menmik,",TRUE,,,,,,
FL_0377,a ellos todavía falta vacunar., nawa’ pawanpallina’pi’la lulendek’er’ka’su’.,TRUE,,,,,,
FL_0378,Primero comenzaron a vacunar a los mayores,"Nanentu tenmiansu’llina’ lulenter’ka’su’ taserpilusakla, ",TRUE,,,,,,
FL_0379,", después a los jóvenes, ","nanekla nadi’neklusa’,",TRUE,,,,,,
FL_0380,ahora están vacunando a los niños; , ipa’la lulendek’apallina’ wilalusa’; ,TRUE,,,,,,
FL_0381,"dos veces, tres veces les están vacunando.","katu’lu’, kalalu’ lulendek’apallina’.",TRUE,,,,,,
FL_0382,"Con eso, dice, la enfermedad del covid-19 no les va a coger.",Nanalek ima kuvi-19 kaluwi’ler a’pinta’pilli’tudek’i’nchu. ,TRUE,,,,,,
FL_0383,"El día que te vas a mandar vacunar,.","Yayanlulenta’mapi’pu’ wa’tentetchu wanersu’, ",TRUE,,,,,,
FL_0384," vas a esperar parado,","nerpi’pu’lusa’ lulentuna-pidek setllanenkek,",TRUE,,,,,,
FL_0385," a veces en la vereda de la posta, con sol, con lluvia"," kekkilek, u’lanlek.",TRUE,,,,,,
FL_0386,A mí ya me han vacunado tres veces.,Ipa’ kua lulenñiner’ku kalalu’.,TRUE,,,,,,
FL_0387,"Para que no contraigas el covid-19, cuídate, lávate las manos con jabón, ","Dan’inpu’ak kuvi-19, inluwekter’, inwinsekker’ shapunlek,",TRUE,,,,,,
FL_0388,"ponte la mascarilla, "," aku’ker’ patannetchekmapu’, ",TRUE,,,,,,
FL_0389,en la calle lávate las manos con alcohol.,kallik alcohollek inwinsekker’.,TRUE,,,,,,
FL_0390,A mí el año pasado me agarró el covid-19.,Kua napi’ ekkilala kuvi-19 pilli’tullu.,TRUE,,,,,,
FL_0391,"Tenía dolor de cabeza, fiebre, dolor de cuerpo y dolor de garganta; pero no me agarró fuerte.","Ikermutu’lek, ukalek, ikerllupilek, ikersi’lek; ku’li’na ikersu’ pilli’chi’ñu.",TRUE,,,,,,
FL_0392,"Me he sanado tomando ivermectina, ","A’padiperllek uwamu ivermectina, ",TRUE,,,,,,
FL_0393,"jengibre cocinado con cebolla, matico cocinado,","latekmu’sana’ akusupi siullalek, patella akusupi,",TRUE,,,,,,
FL_0394, esos tomando me he sanado., nanadaper uwamu a’padiperllek.,TRUE,,,,,,
FL_0395,"Cuando recién apareció la vacuna del covid-19, de todo hablaban las personas.","Nalli’tusik kuvi-19 ilulennanen, intekdudinsu’ luñina’ yalli’lusa’.",TRUE,,,,,,
FL_0396,"Por eso, algunos no querían mandarse a vacunar.",Nanamalek nu’unta’lusa’ ayanlulenchinpu’wiñina’.,FALSE,X,,,,,
FL_0397,Pero ahora les están vacunando a todos.,Ipa’li’na iñer’daper lulen’apadekllina’.,TRUE,,,,,,
FL_0398,"Muchos se preguntaban por qué habían creado esta enfermedad,","Muinchi tullina’ ma’ki’na nu’tullina’ asu’ kaluwi’,",TRUE,,,,,,
FL_0399,"otros decían que hemos aumentado mucho en la Tierra y va a faltar comida,","ali’ladaper tullina’ nakusi’ma nadalekwa’ Lupak, weran pawenchu,",TRUE,,,,,,
FL_0400,"otros decían que la gente rica quería tener más dinero, ","ali’ladaper tullina’ kulliker’wanlusa’ a’pinta’ yakulliker’wañina’, ",TRUE,,,,,,
FL_0401,acumular más dinero vendiendo la vacuna del covid-19.,kulliker’ yadimullina’ kuvi-19 ilulennan uku’latanna’.,TRUE,,,,,,
FL_0402,¡Cuánto dinero quizás estará gastando nuestro país comprando la vacuna!,¡Kupin ñinanlu’mapu’wa’ enpu’dun kulliker’ ipa’ dekker’apalli ilulenna mapa’tan!,TRUE,,,,,,
FL_0403,Pero todavía no están vacunados a todos.,Ku’li’na iñer’daper lulenpilusi’npu’pi’la.,TRUE,,,,,,
FL_0404,"A partir del covid -19, están apareciendo más enfermedades, variante delta, omicron.","kuvi-19 kaluwikla a’pinta’ kaluwi’lusa’ lli’tapilallina’, variante delta, omicron.",TRUE,,,,,,
FL_0405,"Si no nos lleva el covid-19, estaremos viviendo todavía.","kuvi-19 ekpi’npu’pachinmu’, nanpiapaterpi’la.",TRUE,,"kuvi-19 ekpi’npu’pachinmu’, nanpiapaterpi’la.",,,,
FL_0406,Yo ya estoy viviendo 70 años y nunca hemos oído de estas enfermedades.,"Kua ipa’ nanpipalek kanchis-shunka’ ekkilala, ñi enpi’ lawekchi’nekwa’ asu’ kaluwi’lusa’ki.",TRUE,,Panterchek.,,,,
FL_0407,Más enfermedades van a ir apareciendo.,A’pinta’ kaluwi’lusa’ lli’tapilechuna’.,TRUE,,Ñinanlu’wekkek ñi enpi’ lli’i’nek nakuer’kasu’ wa’nalusa’ punka’er’kasu’.,,,,
FL_0408,Me voy. ,Panterchek.,TRUE,,Shiwiluk ipa’ werlli kuvi-19.,,,,
FL_0409,Mi pueblo está ubicado en el medio del monte.,Ñinanlu’wek ñapalli ikiñek tanak.,TRUE,,,,,,
FL_0410,No tiene carretera ni ríos cerca.,"Kupin dekkunwi’ñi, kupin dekshadek kawinak a’ñi’ñi.",TRUE,,,,,,
FL_0411,Tiene caminos y quebradas.,Dekkunlusa’ dekshadeklusa’ a’ñapalli.,TRUE,,,,,,
FL_0412,Tiene donde aterrizan los aviones (aeropuerto).,A’ñapalli wa’napennu’a’su’ lerak.,TRUE,,,,,,
FL_0413,Como no tiene carreteras ,"Kupin dekkunwinpu’a’su’malek, ",TRUE,,,,,,
FL_0414,Como no tiene ríos cerca,"kupin dekshadekwinpu’a’su’malek kawinak,",TRUE,-,,,,,
FL_0415,por eso no llegan a cada rato los foráneos., nanamalek ektu’pi’ñina’ utalinpu’sa’ nerlusa’.,TRUE,,,,,,
FL_0416,En mi pueblo nunca se ve que pasan los fierros flotantes (lanchas).,Ñinanlu’wekkek ñi enpi’ lli’i’nek nakuer’kasu’ wa’nalusa’ punka’er’kasu’.,TRUE,,,,,,
FL_0417,Ellos son los que llevan las enfermedades.,Nawa’ nuker’ka kaluwi’ ekpa’er’kasu’.,TRUE,,,,,,
FL_0418,"Los fierros que corren (carros), ellos también llevan las enfermedades.","Wa’nalusa’ tekka’er’kasu’, nawa’nta’ kaluwi’ ekpa’pallina’.",TRUE,,,,,,
FL_0419,A Jeberos nunca han llegado.,Shiwiluk ñi enpi’ ektui’ñina’.,TRUE,,,,,,
FL_0420,Por eso el covid-19 no arrasó mucho.,Nanamalek kuvi-19 enpu’ni panker’chi’ñi.,TRUE,,,,,,
FL_0421,"Algunos se contagiaron y se sanaron tomando matico, cebolla, eucalipto hervido.","Nu’unta’lusa’ pilli’tudeklli nawa’ a’padiperllina’ uwanna’ patella, siwella, eucalipto akusupi.",TRUE,,,,,,
FL_0422,Otros se curaron tomando masato fuerte con jenjibre.,"Ali’ladaper ilulenñina’ uwanna’ uklulu’dektek, latekmu’sana’lek.",TRUE,,,,,,
FL_0423,En Jeberos ya desapareció el covid-19.,Shiwiluk ipa’ werlli kuvi-19.,TRUE,,,,,,
FL_0424,En mi pueblo nadie ha muerto con la enfermedad del covid-19.,Ñinanlu’wekkek ñi den chimi’ñi kuvi-19 kaluwi’lek.,TRUE,,,,,,
FL_0425,"Nuestro remedio es el masato, nosotros lo tomamos todos los días.","Ilulennawidek nuka’a uklulu’, kuda iñer’ ukllilusa’ uwapallidek.",TRUE,,,,,,
FL_0426,Por eso no nos enfermamos con el covid-19.,Nanamalek kaluwi’i’ñidek kuvi-19lek.,TRUE,,,,,,
FL_0427,"De todo Loreto, solo en Jeberos no murieron con el covid-19.","Iñer’ Luretuk, Shiwiluksa’ chimi’ñina’ kuvi-19lek.",TRUE,,"pronuncia como ""chimin'iñina""","Iñer’ Luretuk, Shiwiluksa’ chimi’ñina’ kuvi-19lek.",,,
FL_0428,En otros pueblos que viven en la ribera del río,"Ali’la ñinanlu’lusak nanpier’kasu’ kupin dekshadek ukuchik, ",TRUE,,"pronuncia como ""ñinalu""","Ali’la ñinanlu’lusak nanpier’kasu’ kupin dekshadek ukuchik, ",,,
FL_0429, y el canto de la carretera,"kupin dekkun dunsak,",TRUE,,"pronuncia como ""dekkuk""","kupin dekkun dunsak,",,,
FL_0430,", ahí han muerto muchos.", nanek enpu’nipa’ chimiñina’.,TRUE,,,Ipa’lalek chimianpallina’.,,,
FL_0431,Hasta hoy están muriendo.,Ipa’lalek chimianpallina’.,TRUE,,"pronuncia como ""chimianpillallina""","Wa’na punka’a’su’daperler, ",,,
FL_0432,No puede desaparecer el covid-19.,Yennichi’ñi wer’a’su’ kuvi-19.,TRUE,,,"wa’na tekka’a’su’daperler, ",,,
FL_0433,"Las lanchas,","Wa’na punka’a’su’daperler, ",TRUE,,"pronuncia como ""daper""",Wintetchenma’ yalli’shauekku’ Miñiku nanpia’su’. ,,,
FL_0434," los carros, ","wa’na tekka’a’su’daperler, ",FALSE,X,no es nítido,"Nanek’unta’ mercadunen ñapalli, ipa’ ituwiñenma’. Nanek dudinpu’ uku’latullina’.",,,
FL_0435,"ellos todos los días estando de paso, van dejando (el covid-19) y se van.",nawa’ iñer’ ukllilusa’ nakupilanna’ akui’lanna’ pa’llina’.,TRUE,,,,,,
FL_0436,"En mi pueblo no es así, por eso rápido se perdió el covid-19.","Ñinanlu’wekkek nu’si’npu’, nanamalek wiuksu’ werlli kuvi-19.",TRUE,,,,,,
FL_0437,"Las lanchas, los carros, ellos todos los días estando de paso, van dejando (el covid-19) y se van.","tekka’a’su’daperler, nawa’ iñer’ ukllilusa’ nakupilanna’ akui’lanna’ pa’llina’.",TRUE,,,,,,
FL_0438,"En mi pueblo no es así, por eso rápido se perdió el covid-19.","Ñinanlu’wekkek nu’si’npu’, nanamalek wiuksu’ werlli kuvi-19.",TRUE,,,,,,
FL_0439,Les contaré la biografía de mi finado hermano Meneleo.,Wintetchenma’ yalli’shawekku’ Miñiku nanpia’su’. ,TRUE,,"pronuncia como ""shaweukk""",,,,
FL_0440,El nombre de mi finado hermano es Meneleo Cariajano Chota.,Yalli’shawekku’ llillinen nuka’a Miñiku Cariajanu Chuta. ,TRUE,,,,,,
FL_0441,"Nació el día 22, ","Wadekllina’ katu’-shunka’ katu’ta’pi’pu’, ",TRUE,,,,,,
FL_0442,"del séptimo mes (julio), ","kanchis dukerkek, ",TRUE,,,,,,
FL_0443,en el año 1940.,ala’waranka iskun-pasak inkatu’- shunka’ ekkilalak. ,TRUE,,,,,,
FL_0444,Nuestra finada mamá se llamaba Soledad Chota Mozombite.,Awamapu’ peklu’lek Shulli Chuta Musunpiti. ,TRUE,,,,,,
FL_0445,Mi finado hermano desde niño hablaba la lengua shiwilu.,Yalli’shawekku’ wilaklanen luñi Shiwilu la’la’. ,FALSE,X,,Yalli’shawekku’ wilaklanen luñi Shiwilu la’la’. ,,,
FL_0446,Creció sin padre. ,Susulli tatawi’nsu’. ,FALSE,X,pronuncia como tataweinsu,Susulli tatawi’nsu’. ,,,
FL_0447,No terminó su primaria por falta de dinero.,Kerka’nen a’ta’wanchi’ñi kulliker’ pawansu’malek.,FALSE,X,suena raro,Kerka’nen a’ta’wanchi’ñi kulliker’ pawansu’malek.,,,
FL_0448,"Siendo joven, salió (de Jeberos) a trabajar.",Nadi’nektan yunsu’lli yasakatan.,TRUE,,,"Nanek ñapan yunsu’lli, pa’lli Tandeklupa’, nanek nanpikuñi wapu’ ekkilala.",,,
FL_0449,Allá encontró a un señor que tenía educación formal;,Nanek kanañi ala’sa’ yalli’ kerka’ ñinchita’su’;,TRUE,,,Pa’apilamudek wichi’llidek La’pir chinpeñak.,,,
FL_0450,"él le enseñó a mi finado hermano, entonces aprendió más.","nanaler a’leklli yalli’shawekku’, nanek a’pinta’ kerka’ ñinchitulli.",TRUE,,,,,,
FL_0451,"Siendo mayor, se casó con una señorita de nombre Teresa Acho Chota.",Susunentan sadalli ala’sa’ wilalunlek llillinen Chirisa Achu Chuta.,TRUE,,,,,,
FL_0452,"Con ella tuvieron varios hijos, tres varones y tres mujeres.","Nanalek wapu’ wilawañina’, kala enmu’pinenlusa’, kala kua’perwawalusa’.",TRUE,,,,,,
FL_0453,Meneleo salió de Jeberos y vino a vivir por Jeberillos.,"Miñiku yunsu’lli Shiwilukla, nanpikerlli Shiwiluwawalupa’.",TRUE,,,,,,
FL_0454,"Cuando vivían allá, él y su esposa se separaron.",Nanek nanpipan yanpu’llina’ sadinlek.,TRUE,,,,,,
FL_0455,"Entonces Meneleo regresó a Jeberos, vino para acompañar a nuestra mamá.","Ipa’linchi Miñiku adencha’lli Shiwiluk, ka’tanencha’lli awamapu’.",TRUE,,,,,,
FL_0456,"Posteriormente, salió (de Jeberos) y se fue por el rio Marañón, allá se fue a vivir por muchos años.","Nanek ñapan yunsu’lli, pa’lli Tandeklupa’, nanek nanpikuñi wapu’ ekkilala.",FALSE,X,"Pronuncia como ""Tadekluppa""",,,,
FL_0457,"Luego, volviendo (del Marañón) participó en un grupo de teatro.",Nanekla adencha’n saka’tulli teatruk.,TRUE,,,,,,
FL_0458,"Viajó a Iquitos, a Lima y llegó hasta Chile (con el grupo de teatro).","Pa’lli Iquituk, Llimak, Chilekekwalek ektu’lli.",TRUE,,,,,,
FL_0459,"Saliendo del teatro se encontró con la hermana Pilar, con ella han trabajado para levantar a la lengua Shiwilu.","Teatrukla yunsu’n inkanañina’ sha’wa Pillishalek, nanalek saka’tullina’ Shiwilu la’la’ yausanna’.",TRUE,,,,,,
FL_0460,Ahí colaboraron varias personas: ,Nanek saka’tullina’ wapu’daper: ,TRUE,,,,,,
FL_0461,"el hermano Fernando Lachuma Cachique, ","yalli’sha Nantu Lachuma Kachiki, ",TRUE,,,,,,
FL_0462,"la hermana Julita Inuma Inuma, ","sha’sha Kullasha Inuma Inuma, ",TRUE,,,,,,
FL_0463,la hermana Emérita Guerra Acho y otros más.,"sha’sha Imicha Kira Achu, ali’ladaperunta’.",TRUE,,,,,,
FL_0464,"Terminando este trabajo se fue a Lima, donde sus hijos.","A’ta’wantan asu’ saka’tuna pa’lli Llimak, willinlusak.",TRUE,,,,,,
FL_0465,Allá también fue a vivir muchos años.,Nanek’unta’ wapu’ ekklilala nanpikuñi.,TRUE,,,,,,
FL_0466,"Cuando sus hijos volvieron a Yurimaguas, él","Willinlusa’ adencha’a’ser’ Yurimawak, nananta’ adenc ha’lli.",TRUE,,,,,,
FL_0467,"Estuvo viviendo por Jeberillos, en la casa de su hija.",Nanpipawiñi Shiwiluwawalupa’ teklapin pideknenkek.,TRUE,,,,,,
FL_0468,Desde allá venía a veces a visitarme.,Naneklanek nerpi’pu’lusa’ lli’apencha’wiñu.,TRUE,,,,,,
FL_0469,"Estando allá, se enfermó con el covid-19.",Nanek ñapan kaluwi’lli kuvilek.,TRUE,,,,,,
FL_0470,"Su hija le mandó curar en el hospital, pero no pudo sanarse, más se agravó.","Teklapinler a’lulentulli uspitalkek, ku’li’na yennichi’ñi a’padipera’su’, a’pinta’ tekkikerlli.",TRUE,,,,,,
FL_0471,"Agravándose, murió.",Tekkikeran chimiñi.,TRUE,,,,,,
FL_0472,"Murió el veintitrés, del séptimo mes (julio), del año dos mil veintiuno.","Chimiñi katu’-shunka’ kala, kanchis dukerkek, katu’-waranka katu’-shunka’ ala’sa’ ekkilalak.",TRUE,,,,,,
FL_0473,"Lo sepultamos en nuestra tierra, en Jeberos. Lo que le pasó a Meneleo","Lupa’mapuk paperchullidek, Shiwiluk.",TRUE,,,,,,
FL_0474,"Meneleo, estando en vida, era una buena persona.",Miñiku nanpipan mukankan ñiwiñi.,TRUE,,,,,,
FL_0475,Con quién también hablaba . No tenía pereza de hablar.,Denlekpi’nta’ luñi. Peri’ñi yalun.,TRUE,,,,,,
FL_0476,Cualquier cosita que tenía regalaba.,Ma’shapi’nta’ a’ña’su’ panutulli.,TRUE,,,,,,
FL_0477,Sembrador era. En su chacra sembraba de todo.,Tera’tutek ñiwiñi. Menmiñik dudinpu’ tera’lli.,TRUE,,,,,,
FL_0478,"Cuando ya estaban maduros sus sembríos, una parte vendía y otra parte regalaba.","Ipa’ mer’chusik tera’nenlusa’, u’neipi’la uku’latulli, u’neipi’la panutulli.",TRUE,,,,,,
FL_0479,Lo que sobraba lo guardaba para su comida.,Dansu’a’su’ ek’llia’lli weranenki.,TRUE,,,,,,
FL_0480,Así era Meneleo.,Nu’su’ ñiwiñi Miñiku.,TRUE,,,,,,
FL_0481,"Una vez nos fuimos por el alto Aipena; yo en mi canoa, él en su canoa.","Ala’lu’sa’ pa’llidek Erpina’ winenñupa’; kua nunwekkek, nana nunenkek.",TRUE,,,,,,
FL_0482,Estando de viaje hemos dormido en la desembocadura del Rumiyacu.,Pa’apilamudek wichi’llidek La’pir chinpeñak.,FALSE,x,"Pronuncia ""La pier""",,,,
FL_0483,La canoa de Meneleo (estaba rajada y) goteaba un poco.,Miñiku nunen a’mercha wiserlli.,TRUE,,,,,,
FL_0484,"Quedándose bien dormido, se olvidó de botar el agua.",Nakusu’ wichi’an pinanerlli dinki’yekta’su’.,TRUE,,,,,,
FL_0485,Su canoa amaneció hundida.,Nunen dankumer’su’ ukllinantulli.,TRUE,,,,,,
FL_0486,Toda su sal y su azúcar que estaba llevando la disolvió el agua.,"Iñer’ damulanen, kaser’lu’nen ekpa’pila’su’, dekler su’ker’lli.",TRUE,,,,,,
FL_0487,"Buceando, hemos sacado su canoa.",Da’dektamudek u’ser’llidek nunen.,TRUE,,,,,,
FL_0488,"Después de que botó el agua de su canoa, surcamos por el Aipena.",Dinki’yektusik nunen penwinerllidek Erpina’lupa’.,TRUE,,,,,,
FL_0489,Llegamos a Pandishal y ahí desayunamos.,"Ektu’llidek Petchulalu’, nanek werañidek.",TRUE,,,,,,
FL_0490,Hemos descansado un poco. Meneleo encendió su,"A’mercha nerillidek. Miñiku, a’tentan pinterñen, u’wa’t ulli.",TRUE,,,Nanamalek nu’unta’lusa’ ayanlulenchinpu’wiñina’.,,,
FL_0491,"Después del descanso, otra vez hemos surcado.","Neria’kawasu’ supina, penwinernunta’llidek.",FALSE,X,"Pronuncia como ""supinak""","Neria’kawasu’ supina, penwinernunta’llidek.",FALSE,X,"Pronuncia como ""supinak"""
FL_0492,Llegamos a la boca del Sapoyacu y ahí dormimos.,"Ektu’llidek Enpuer’ chinpeñak, nanek wichi’llidek.",TRUE,,,"Wapu’ samer mallidek, da’wanser, ter’ek paluwa’pi, dunan, nerkala mallidek.",FALSE,X,Cambio de tono en tiempo
FL_0493,"Cuando amaneció, surcamos y llegamos a Tierra Blanca, en el alto Aipena.","Ukllisik penwinerllidek, ektu’llidek Chinenluk, Erpina’ winenkek.",TRUE,,,Miñiku u’ñisha pawanwiñi nunen pi’muer’ak.,TRUE,,la k al final suena?
FL_0494,"Llevábamos una carguita de barbasco, con eso pescamos en el Cunchiyacu.","Ekpa’llidek ala’ tenpu’sha puñañin, nanalek puer’chullidek Ku’ku’chi’dek.",TRUE,,,Utawansik wichi’llidek.,TRUE,,Se pronuncia bichilidek?
FL_0495,"Hemos agarrado muchos pejes: súngaro, palometa pintada, paña, lisa.","Wapu’ samer mallidek, da’wanser, ter’ek paluwa’pi, dunan, nerkala mallidek.",FALSE,X,Cambio de tono en tiempo,Ektue ’ncha’llidek utawan La’pier’ chinpeñak. Nanek wichi’llidek.,FALSE,X,Cambio de tono en tiempo
FL_0496,A Meneleo le faltaba poquito para llenar su canoa.,Miñiku u’ñisha pawanwiñi nunen pi’muer’ak.,TRUE,,la k al final suena?,"Er’washinchi ektu’llidek Ama’winan llishanak, pidekwidektak.",FALSE,X,"Pronuncia como ""Er'washinchektullidek"""
FL_0497,A las once hemos vuelto de la pesca.,Tamutuk adencha’llidek pu’yekkekla.,TRUE,,,nu’dunpi’la sekdiperlli weranenki.,FALSE,X,"No pronuncia la ""r"" en sekdiperlli"
FL_0498,Meneleo preparó chilcano y almorzamos.,Miñiku kalu’tusik werañidek.,TRUE,,,Nu’su’ ñiwiñi Miñiku nanpiapan. ,FALSE,X,"Pronuncia ""nanpipan"" en vez de ""nanpiapan"""
FL_0499,"Luego de eso, comenzamos a pishtar .","Nana supinak, tenmiansu’llidek wika’ak.",TRUE,,,Itullenma’ Pidir.,FALSE,X,Itullinma en vez de Itullenma
FL_0500,Meneleo pishtaba y yo también pishtaba; hasta la noche hemos pishtado.,"Miñiku wika’lli, kuanta’ wika’lek; kasiser’ak walek wika’llidek.",TRUE,,,¿Ma’pu’sin? Llillinwek nuka’a Pidir Lumas Chuta.,FALSE,X,Se escucha mal
FL_0501,Ahí también Meneleo ha ahumado.,Nanek’unta’ Miñiku chintulli.,TRUE,,,Katu’-shunka’ ekkilala ñilli yunsu’a’kasu’ ñinanlu’wekekla.,FALSE,X,"Pronuncia como ""ñinalu"""
FL_0502,"Cuando terminó, sacó su cigarro y hemos fumado para ahuyentar a los zancudos, para ahuyentar a los tunchis.","A’ta’wantan, usu’lli pinterñen u’wa’tullidek iyun a’tekka’ak, winsinserlusa’ a’tekka’ak.",TRUE,,,Nana ñiwiñi ilulennanen.,FALSE,X,No es nítido
FL_0503,Tarde en la noche dormimos.,Utawansik wichi’llidek.,TRUE,,Se pronuncia bichilidek?,Nanek kaluwi’wi’nsu’ shiwilu la’la’mapu’wa’.,FALSE,X,No es nítido
FL_0504,"Cuando amaneció, cargamos nuestras canoas y bajamos el Aipena.","Ukllisik kala’tullidek nunwidek, nu’wantencha’llidek Erpina’.",TRUE,,,Kua da’lek ñinchituna-pidik ala’waranka iskun- pasak sukta-shunka’ katu’ta.,FALSE,X,Diferente frecuencia
FL_0505,Vinimos a anochecernos por Pandishal.,Kasiser’chencha’llidek Petchulalu’lupa’.,TRUE,,,Wilalusa’ lachek’apawiñina’ shiwilu la’la .,FALSE,X,Diferente frecuencia
FL_0506,Hemos llegado tarde en la noche a la boca del Rumiyacu. Allá dormimos.,Ektue ’ncha’llidek utawan La’pir’ chinpeñak. Nanek wichi’llidek.,FALSE,X,Cambio de tono en tiempo,"Napi’pu’ a’ka wintuwideknanser lun’er’kek, nu’su’ saka’dek’inpu’ ñinchitunanta'ser'.",FALSE,X,Diferente frecuencia
FL_0507,De ahí hemos madrugado y surcamos al Rumiyacu.,"Nanekla chidasu’lallidek, La’pir’ penwinerchullidek.",TRUE,,Pier?,Pideknennak’unta’ papina’ler yutudeklli lun’a’ser’ shiwilu la’la’kla.,FALSE,X,No pronuncia completo
FL_0508,En la boca del Huachiyacu hemos comido palometa ahumada y lisa ahumada.,"Namu’dek chinpeñak werañidek ter’ek chinpi, nerkala chinpilek.",TRUE,,,Lunku’ lawer’ la’la’kla”.,FALSE,X,Diferente frecuencia
FL_0509,"De ahí, otra vez hemos surcado.",Nanekla penwinernunta’llidek.,TRUE,,,"Ipa’la yanalulenñina’, nalli’inutullina’, nakanañina’ ilulennanen.",FALSE,X,"Pronuncia como ""inutulliña"" en lugar de ""inutuniña"""
FL_0510,"Tardecito hemos llegado al puerto del Armanayacu, cerca de nuestra casa.","Er’washinchi ektu’llidek Ama’winan llishanak, pidekwidektak.",FALSE,X,"Pronuncia como ""Er'washinchektullidek""",Kua tulek yennichinpu’ ta’itula’lli. ,TRUE,,Verificar
FL_0511,"Cuando amaneció, Meneleo vendió sus pejes salados y sus ahumados.","Ukllisik Miñiku uku’latulli samercheknenlusa’, chinpinenlusa’.",TRUE,,,Naneklanek ñi denler lulen’i’ñi.,FALSE,X,Falta
FL_0512,"Un poco más les regaló a sus amigas,","Nu’dunpi’la panudeklli ekkuanenlusa’, ",TRUE,,,Yuspainek’etchu.,FALSE,X,"Pronuncia como ""Yuspeinek"""
FL_0513, un poco más guardó para su comida.,nu’dunpi’la sekdiperlli weranenki.,FALSE,X,"No pronuncia la ""r"" en sekdiperlli",,,,
FL_0514,Así era Meneleo cuando vivía.,Nu’su’ ñiwiñi Miñiku nanpiapan. ,FALSE,X,"Pronuncia ""nanpipan"" en vez de ""nanpiapan""",,,,
FL_0515, Era de buen corazón.,Mukankan ñiwiñi.,TRUE,,,,,,
FL_0516,Esto les contó Fidel.,Itullenma’ Pidir.,FALSE,X,Itullinma en vez de Itullenma,,,,
FL_0517,¿Cómo están? Mi nombre es Fidel Lomas Chota. ,¿Ma’pu’sin? Llillinwek nuka’a Pidir Lumas Chuta.,FALSE,X,Se escucha mal,,,,
FL_0518,Tengo sesentinueve años., A’ñapalek sukta-shunka’ iskun ekkilala.,TRUE,,,,,,
FL_0519,"Soy shiwilu, pero vivo en Yurimaguas.","Shiwilu nuka’ka, nanpipalek Yurimawak.",TRUE,,,,,,
FL_0520,Hace veinte años que salí de mi pueblo.,Katu’-shunka’ ekkilala ñilli yunsu’a’kasu’ ñinanlu’wekekla.,FALSE,X,"Pronuncia como ""ñinalu""",,,,
FL_0521,Desde niño yo hablo en la lengua shiwilu. ,Kua wilaklanek shiwilu la’lakla lunek. ,TRUE,,,,,,
FL_0522,Pero actualmente no hay nadie con quien pueda conversar.,Ipa’li’na ñi denlek ñi’ñi inlunta’kasu’.,TRUE,,,,,,
FL_0523,"Antiguamente, mi lengua shiwilu estaba sana, ","Shiwilu la’la’wek napi’ mudinupawiñi, ",TRUE,,,,,,
FL_0524,antes de la llegada de los españoles.,ektu’ker’inpu’a’ser’pi’la Ispañulusa’.,TRUE,,,,,,
FL_0525,"Cuando ellos llegaron, empezó a enfermarse.",Nawa’ ektu’ker’a’ser’ tenmiansu’lli kaluwi’a’su’.,TRUE,,,,,,
FL_0526,"Su enfermedad es el castellano, ","Kaluwi’nen nuka’a lawer’ la’la’,",TRUE,,,,,,
FL_0527,este le está matando a todas las lenguas., asu’ler dei’tapilalli iñer’ la’la’lusa’.,TRUE,,,,,,
FL_0528,"Si desde hace tiempo le hubiesen curado a mi lengua shiwilu, no se hubiese agravado.",Napiklanek lulenñina’ shiwilu la’la’wek tekkiker’inpui’nsu’.,TRUE,,,,,,
FL_0529,Su remedio estaba en las escuelas y en las iglesias.,"Ilulennanen ñapawiñi ñinchituna-pideklusa’, illisialusa’.",TRUE,,,,,,
FL_0530,"En las escuelas, ","Ñinchituna-pideklusak,",TRUE,,,,,,
FL_0531,ahí les hubiesen permitido hablar la lengua shiwilu a los niños., nanek ta’itula’deknanta’ser’ lun’er’kek shiwilu la’la’ wilalusa’.,TRUE,,,,,,
FL_0532,Ese era el remedio.,Nana ñiwiñi ilulennanen.,FALSE,X,No es nítido,,,,
FL_0533,Ahí no se hubiese enfermado nuestra lengua shiwilu.,Nanek kaluwi’wi’nsu’ shiwilu la’la’mapu’wa’.,FALSE,X,No es nítido,,,,
FL_0534,Hasta hoy estuviera viviendo sana.,Ipa’lalek mudinusu’ nanpiapasu’.,TRUE,,,,,,
FL_0535,Yo entré a la escuela en el año mil novecientos sesentidós.,Kua da’lek ñinchituna-pidik ala’waranka iskun- pasak sukta-shunka’ katu’ta.,FALSE,X,Diferente frecuencia,,,,
FL_0536,En esos tiempos hablaban todavía la lengua shiwilu.,Napi’pu’ lunpawiñina’pi’la shiwilu la’la’.,TRUE,,,,,,
FL_0537,Los niños entendían la lengua shiwilu.,Wilalusa’ lachek’apawiñina’ shiwilu la’la .,FALSE,X,Diferente frecuencia,,,,
FL_0538,"Si en ese tiempo les hubiesen dicho que hablen, así sin dificultad hubieran aprendido.","Napi’pu’ a’ka wintuwideknanser lun’er’kek, nu’su’ saka’dek’inpu’ ñinchitunandaser.",FALSE,X,Diferente frecuencia,,,,
FL_0539,A veces el profesor se molestaba cuando hablaban los niños (shiwilu).,Nerpi’pu’lusa’ a’lektutek yulli lun’a’ser’ wilalusa’.,TRUE,,,,,,
FL_0540,En sus casas también sus padres les reñían cuando hablaban en shiwilu.,Pideknennak’unta’ papina’ler yutudeklli lun’a’ser’ shiwilu la’la’kla.,FALSE,X,No pronuncia completo,,,,
FL_0541,Les decían: “¿Por qué están hablando en shiwilu? ,Itudekllina: “¿Ma’ki’na lunpala shiwilu la’la’kla? ,TRUE,,,,,,
FL_0542,Eso no vale. ,Nana mui’ñi. ,TRUE,,,,,,
FL_0542.5,Hablen en castellano”.,Lunku’ lawer’ la’la’kla”.,FALSE,X,Diferente frecuencia,,,,
FL_0543,Por eso los niños de ayer y hoy se han olvidado.,"Nanamalek wilalusa’ napikla, ipa’lakla pinanerllina’.",TRUE,,,,,,
FL_0544,Con eso nuestra lengua shiwilu más se está agravando.,Nanalek shiwilu la’la’mapu’wa’ a’pinta’ tekki’ker’apilalli.,TRUE,,,,,,
FL_0545,"Ahora recién quieren curarle, recién se acuerdan, recién encuentran su remedio.","Ipa’la yanalulenñina’, nalli’inutullina’, nakanañina’ ilulennanen.",FALSE,X,"Pronuncia como ""inutulliña"" en lugar de ""inutuniña""","Ipa’la yanalulenñina’, nalli’inutuñina’, nakanañina’ ilulennanen.",,,
FL_0546,Dicen que su remedio es enseñar la lengua shiwilu en las escuelas.,Ilulennanen ima nuka’a a’lektanna’ shiwilu la’la’ ñinchituna-pideklusak.,TRUE,,,,,,
FL_0547,Pero los profesores tampoco la hablan.,Ku’li’na a’lektuteklusa’nta’ ñinchilui’ñina’.,TRUE,,,,,,
FL_0548,"Si hubiesen hecho esto antes, ahí los niños rápido hubieran aprendido.",Napi’ a’ka nu’tuwinanta’ser’ nanek wilalusa’ wiuksu’ ñinchitupiner’kek.,TRUE,,,,,,
FL_0549,Pero a la lengua shiwilu desde antes no le curaron;,Shiwilu la’la’ napiklanek lulen’i’ñina’;,TRUE,,,,,,
FL_0550," por eso, agravándose, de a poquito va muriendo."," nanamalek, tekki’ker’an uti’lakla chimianpilalli.",TRUE,,,,,,
FL_0551,"Antes, cuando la lengua shiwilu estaba un poco sana, el ILV le estaba curando.","Napi’ shiwilu la’la’ a’pimudinupasik, ILVler lulen’apawiñi.",TRUE,,,,,,
FL_0552,Yo digo que no pudiendo le dejó. ,Kua tulek yennichinpu’ ta’itula’lli. ,TRUE,,Verificar,,,,
FL_0553,Desde ese tiempo nadie le curó.,Naneklanek ñi denler lulen’i’ñi.,FALSE,X,Falta,,,,
FL_0554,Olvidada ha vivido por los Ministerios (del Estado).,Pinaner’pi nanpilli Ministeriolusa’malek.,TRUE,,,,,,
FL_0555,Ahora recién se acuerdan. ,Ipa’la nalli’inutullina’. ,TRUE,,,,,,
FL_0556,"Por eso, siquiera de mentira están curándole.",Nanamalek da’pinanklata’la lulen’apallina’.,TRUE,,,,,,
FL_0557,"Los hablantes del shiwilu ya nos vamos acabando,","Shiwilu la’la’ lunlusa’ ipa’ ta’wantapilalekwa’,",TRUE,,,,,,
FL_0558, cuando nosotros muramos nuestra lengua se perderá., kuda chimia’nsekudek’ la’la’mapu’wa’ wer’etchu.,TRUE,,,,,,
FL_0559,Por eso estoy escribiendo. ,Nanamalek llinserchapalek.,TRUE,,,,,,
FL_0560,"Siquiera mis relatos que vivan, para que otros vean."," Llinserwekta’la nanpii, ali’ladaper lli’erkek.",TRUE,,,,,,
FL_0561,Tal vez aprendan la lengua shiwilu leyendo este libro.,Ma’allipa’ ñinchitunanta’ser’ shiwilu la’la’ luntanna’ asu’ kirka’.,TRUE,,,,,,
FL_0562,Gracias.,Yuspainek’etchu.,FALSE,X,"Pronuncia como ""Yuspeinek""",,,,