CODIGO,TEXTO_SPA,TEXTO_SHI,AUDIO?,,,,
F-0001,El niño va corriendo a la chacra.,WILA TEKKA'PILALLI MENMIK,TRUE,,,,
F-0002,El niño está corriendo en la chacra.,WILA TEKKA'PALLI MENMIK,TRUE,,,,
F-0003,La mujer canta una canción.,KU' APER TULU'NER'LLI ALA'SA' TULU'NER',TRUE,,,,
F-0004,El perro duerme bajo la mesa.,ÑIÑI'WA WICHI'LLI MISA'' WILENKEK,TRUE,,,,
F-0005,Hoy hace mucho calor.,IPA'LA NAKUSU' UKAWAÑI',TRUE,,,,
F-0006,Vamos al río por la tarde.,PA'A KUPINDE'SHADEK'KEK ER'WA,TRUE,,,,
F-0007,Mamá cocina pescado.,AWA KALU'PALLI SAMER,TRUE,,,,
F-0008,El abuelo cuenta historias.,PAPINKU LUMBALLI NAPI'KU'LU'SAKI,TRUE,,,,
F-0009,Me gusta la fruta madura.,IYATULEK' WAYUPI MER'CHA'SU',TRUE,,,,
F-0010,El sol sale temprano.,KEKKI YUNSU'LII DASU'LA,FALSE,,,,
F-0011,La lluvia moja las hojas.,U'LANLER A'WIWERLLI LALUME'LUSA',TRUE,,,,
F-0012,Ellos caminan por la selva.,NAWA' PA'APALLINA' TANANLUPA',TRUE,,,,
F-0013,El pájaro canta al amanecer.,SHUMBULA PEKLAPALLI DASU'LA,TRUE,,,,
F-0013,Tengo hambre.,UKI'LALEK,TRUE,,,,
F-0014,¿Dónde está tu casa?,¿EÑUPI'NA PIDEK'PEN?,FALSE,X : Como pregunta,,,
F-0015,El bebé llora por la leche.,WAWASER' WELLIEKLLI MUDIDE'NENMALEK ,FALSE,,,,
F-0016,Comemos todos nosotros cada noche.,WERANEK'WA IÑER'KENMUWA IÑER'DEKPILLILUSA,TRUE,,,,
F-0017,niño ríe con su hermano.,WILA YAMER'APALLI DUDENNENLEK',FALSE,"X : Agregar ""nana wila""",,,
F-0018,Voy a pescar con papá.,PUR'KUNCHEK  TATALEK,TRUE,,,,
F-0019,Hay muchos árboles grandes.,ÑAPALI WAPU' NALALUS'A A'LLUPILUSA,TRUE,,,,
F-0020,El tigre es un animal fuerzuedo.,AMANA' NUKA'A ALASA AÑIMAR NANTAPITEK,TRUE,,,,
F-0021,El fuego calienta la casa.,PENLER A'UKALLI PIDEK',FALSE,X,KALA KATUTA ALA'SA,,"TRES, DOS, UNO"
F-0021.2,El fuego está calentando la casa.,PENLER A'UKAPALLI PIDEK',TRUE,,,,
F-0022,El cielo está nublado.,KEKILU'TEK' UKU'TULLI DINPANLUTEK'LER,TRUE,,,,
F-0023,Necesito agua para beber.,DEK' LUWANTULEK IYULEK',TRUE,,,,
F-0024,Ella trae leña del bosque.,NANA KENCHA'LLI DIUK TANAKLA,TRUE,,,,
F-0025,Escucho el canto del gallo.,LAUK'APALEK WA'DANTEK PEKLA'SU',TRUE,,,,
F-0026,¿Qué comiste hoy?,¿MA'NEN'ACHA KA'LA IPA'LA?,TRUE,,,,
F-0027,Ellos bailan en la fiesta.,NAWA' LANSA'LLINA' PISTAK',TRUE,,,,
F-0028,La casa está al lado del río.,PIDE'MAPU'WA'  ÑAPALII  DEKSHADE'TAK ,TRUE,,,,
F-0029,El pez nada en el agua.,SAMER IDUNPALLI  DEKKEK,FALSE,,,,
F-0030,Ayer fuimos al pueblo.,YA' PANTA'LLIDEK ÑINALUK,TRUE,,,,
F-0031,Los niños juegan con barro.,WILALUSA' INTEKLITULLINA' MUMULU'LEK,TRUE,,,,
F-0031.2,Los niños están jugando con barro.,WILALUSA' INTEKLITAPALLINA' MUMULU'LEK,TRUE,,,,
F-0032,El viento mueve las ramas de los árboles.,TANLUA U'LENMEK'LLI NALA TAMPA'LUSA',TRUE,,,,
F-0033,"Estoy cansado, quiero dormir.",SAKA'TUSU' ÑAPALEK YA WICHI'LEK,TRUE,,,,
F-0034,"Trae el machete, por favor.",KENCHER' SAWELLI YUSMALEK,TRUE,,,,
F-0035,Esa fruta está dulce.,NANA WAYUPI KASERLLI,FALSE,,,,
F-0036,¿Cuántos años tienes?,ENPU'DUN EKKILALI'NA A'ÑAPALA,FALSE,,,,
F-0037,Voy a buscar plátanos maduros.,PA'ECHEK DUNKER'KUNCHEK TANKU MER'PI,TRUE,,,,
F-0038,El murciélago pasó por aquí.,ISHEK NAKULLI ASU'LUPA',TRUE,,,,
F-0039,Mañana iremos al mercado.,EKLLI PA'ATER MERKADUK,TRUE,,,,
F-0040,El bebé ya puede caminar.,WAWASER' IPA' YEN'NITULLI DEKKUNTASU',TRUE,,,,
F-0041,¿Quién rompió el cántaro?,¿DEN'I'NA PADEKLLI YUNPI?,FALSE,,,,
F-0042,Mi hermana teje muy bien.,SHA'WAUK ANANTAPALLI  MUSHASU',TRUE,,,,
F-0043,Papá rema la canoa.,TATA NERKU'LLI NUNKEK,TRUE,,,,
F-0044,Hay PEKes en la canasta.,ÑAPALLI SAMERLUSA' LANTEKPIK,TRUE,,,,
F-0045,Los niños tienen frío.,WILALUSA' SANEKWANTULLINA',TRUE,,,,
F-0046,El espíritu cuida el bosque.,TANAMUDA' LUUKTAPALLI TANAN,FALSE,,,,
F-0047,Esa flor huele bien.,NANA DANKU MUSU' PIMUTULLI,TRUE,,,,
F-0048,"Mira, una mariposa azul.",LLI'KER' ALA'SA' SHUMITEK' KAÑIERCHUSU',FALSE,X : Muy parado,,,
F-0048.2,"Mira, una mariposa que es azul.",LLI'KER' ALA'SA' SHUMITEK' KAÑIERCHASU',TRUE,,,,
F-0049,Estoy aprendiendo tu lengua.,ÑINCHITAPILALEK LA'LA' PEN,TRUE,,,,
F-0050,El anciano conoce muchas palabras.,PAPINKU LUWER'CHAPALLI WAPU' LA'LA'LUSA',TRUE,,,,
F-0051,Cosechamos yuca por la mañana.,UKA'LLIDEK KER' DASU'LA,TRUE,,,,
F-0051.2,Coseché yuca por la mañana,UKA'LLEK KER' DASU'LA,TRUE,,,,
F-0052,Mi tía hace chicha punta.,ASHATU'SHAUK NU'TULLI UKLUPIDEK,TRUE,,,,
F-0053,La luna está nueva esta noche.,DUKER WAWALADATULLI,TRUE,,,,
F-0054,No me gusta escuchar mucho ruido.,YA LAU'I'NEK ILLINASU' EMPU'NINCHI,TRUE,,,,
F-0055,Trajeron sal del pueblo.,KERLLI'NA DAMULA ÑINALUKLAN,TRUE,,,,
F-0056,Mi abuelo se fue a pescar.,PAPINKU'UK PA'LLI YA PUR'AN,TRUE,,,,
F-0057,Aquí viven tres familias.,ASEK NANPIPAPILLINA' KALA PATUNLUSA',TRUE,,katukta,alaksa,
F-0058,¿Has visto a mi hermano?,¿LLI'LAN'CHA YALLI'SHAUK?,TRUE, ,,,
F-0059,Cantan para llamar la lluvia.,TULUNER'LLINA U'LAN YAPEKLUN'NA',TRUE,,,,
F-0060,Los monos negros están en la cima del arbol.,ETCHU'LUSA ÑAPALLINA' NALAMULUK,TRUE,,,,
F-0061,Hoy no hay escuela.,IPA'LA ÑI'ÑI ESCUELA,TRUE,,,,
F-0062,La tierra está mojada.,LUPA' WIWERAPALLI,TRUE,,,,
F-0063,Ellos están construyendo una casa.,NAWA' NU'TAPALLINA ALA'SA' PIDEK,TRUE,,,,
F-0064,Me inqué con una espina.,DA'TU'TULEK ALA'SA' LAWANLEK,FALSE,X : El tono es muy bajo,,,
F-0065,Esta palabra es difícil.,ASU' LA'LA' SAKA'DEK' NUKA'A,TRUE,,,,
F-0066,El curandero conoce los remedios.,LULENTUTEK LUWERCHAPALLI ILULENNALUSA',TRUE,,,,
F-0067,Ella pinta con achiote.,NANA LLINSERCHAPALLI LUNKWAPILEK,TRUE,,,,
F-0068,Todos trajeron comida.,IÑER' KERLINA' WUERAN ,TRUE,,,,
F-0069,El espíritu del agua es fuerte.,DEKMUDA' NANTAPITEK NUKA'A,FALSE,X : El tono es muy bajo,,,
F-0070,Quiero escuchar cuando hablas.,YALAULEK' LUN'A'SIN,TRUE,,,,
F-0071,El niño está enfermo.,WILA KALUWI'PALLI ,TRUE,,,,
F-0072,¿Cómo se dice eso en tu lengua?,"MA'PU'SI'NA PEKLUKEK ""NANA"" LA'LA'PENKEK?",TRUE,,,,
F-0073,La comunidad se reúne hoy.,ÑINALU' INDIUNTUNCHU IPA'LA,TRUE,,,,
F-0074,El tambor suena lejos.,TUNTUN ILLANPALLI WEY,TRUE,,,,
F-0075,Vamos a sembrar maíz.,ENLLU TRA'A CHITER',TRUE,,,,
F-0076,La canoa está rota.,NUN NUCHINKATUSU' ÑAPALLI,FALSE,X : El tono es muy bajo,,,
F-0077,Trae la medicina natural.,KENCHER' ILULENNA ÑICHINTA',TRUE,,,,
F-0078,Los pájaros vuelan juntos.,SHUNPULALUSA' PENU'LLINA' MUMU'SU',TRUE,,,,
F-0079,¿Tienes hermano?,¿IINWANPALA? | ¿I INWANPALA? ,TRUE,,,,
F-0080,Este camino es largo.,ASU DE'KUN SHIN NUKA'A,TRUE,,,,
F-0081,Bebí agua del manantial.,ULEK DEK' LUPAKINEKLALA,FALSE,X : El tono es muy bajo,,,
F-0082,Hoy buen día.,IPA'LA MULALALLI,TRUE,,,,
F-0082.2,Hoy es un buen día.,IPA'LA NUKA'A ALASA MULALALLI,FALSE,,,,
F-0083,El abuelo nos enseñó a leer libro.,PAPINKU A'ALEK'LLIENMU' KER'KA' LUNTAK,TRUE,,,,
F-0084,¿Qué significa esta palabra?,¿MATULEKI'NA' ASU' LA'LA'KEK?,FALSE,X: No es muy clara,,,
F-0085,Me gustaría aprender más.,YA ÑINCHICHINA'KA A'PINTA',TRUE,,,,
F-0086,Las estrellas brillan mucho.,TANDULALUSA' UKLALA'TULLINA' NAKUSU',FALSE,X,,,
F-0086.2,Las estrellas brillan,TANDULALUSA' UKLALA'TULLINA',TRUE,,,,
F-0087,Cuidado con la serpiente.,LLI'KER'LA' DAWANLEK',FALSE,X,,,
F-0088,Comimos contigo al anochecer.,WERANEK KENMALEK KASISER'APILASIK,FALSE,,,,
F-0089,Los niños escuchan atentos.,WILALUSA' LAUK' LLINA' MUSU',FALSE,,,,
F-0090,"¿Puedes repetir eso, por favor?",TUNUNDA' NANSIN ASU' YUSMALEK,TRUE,,,,
F-0091,Aquí no se balea.,ASEK ILANCHI'NEK',TRUE,,,,
F-0092,Mi abuela prepara las medicinas.,AMIUK NU'TAPALLI ILULENNALUSA',TRUE,,,,
F-0093,El río está crecido.,KUPINDEKSHADEK KUPIDEK'APALLI,TRUE,,,,
F-0094,Esa palabra es resonante .,NANA LA'LA' ILLINDEK' NUKA'A,TRUE,,,,
F-0095,El bosque habla en silencio.,TANANLU' LUMPALLI TA'TU'LA',FALSE,X - No es nítido,,,
F-0096,Voy a escribir tu historia.,LIINSERECHECHEK NANPIA'MASU',TRUE,,,,
F-0097,Mi lengua vive en mi memoria.,LA'LA'UK NANPIPALLI MUTU'UKEK,TRUE,,,,
F-0098,Enseñemos a cuidar las plantas.,ALEKTAWA' LUUK'TER'KEK TRA'LUSA',TRUE,,,,
F-0099,¿Quieres contarme tu historia?,¿YA WINTULUN'CHA NANPIA'MASU'?,TRUE,,,,
F-0100,Vamos a cantar todos.,IÑER' KENMU'WA' TULUNER'AWA',TRUE,,,,
F-0101 - FT-0001,el niño abre el cuaderno.,NANA' WILA EK'KER'CHULLI KER'KA',TRUE,,,,
F-0102,ellas abren el cuaderno.,NAWA' EK'KER'CHULLINA KER'KA',TRUE,,,,
F-0103,ellas no abren el cuaderno.,NAWA' EK'KER'CHI'ÑINA' KER'KA',TRUE,,,,
F-0104,ellas no abren la puerta.,NAWA' EK'KER'CHI'ÑINA' UNKUNAN,TRUE,,IYATULEK WA'DANTE' DEK,,
F-0105,ellos abren la ventana.,NAWA' EK'KER'CHULLINA VENTANA,TRUE,,,,
F-0106,la niña abre la ventana.,NANA WILA KU'APER EK'KER'CHULLI VENTANA,TRUE,,,,
F-0107,nosotras no abrimos la puerta.,KUDA EK'KER'CHI'ÑIDEK UNKUNAN,TRUE,,AWAUK KALU'PALLI SAMER,,
F-0107.2,nosotros abrimos la puerta.,KUDA EK'KER'CHULLIDEK UNKUNAN,TRUE,,,,
F-0108,tú abres el cuaderno.,KENMA EK'KER'CHULA KER'KA',TRUE,,EKLLI PA'ATER CHINTAK',,
F-0109,tú abres la puerta.,KENMA EK'KER'CHULA UNKUNAN,TRUE,,KUA WICHA'PALEK ALI'TEKLUM URALUSA',,
F-0110,ustedes abren la ventana.,KENMAMA' EK'KER'CHULAMA' VENTANA,TRUE,,KENMA WICHA'PALA ER'WAWALEK SAWADU'LUSA',,
F-0111,él abre la puerta.,NANA' EK'KER'CHULLI UNKUNAN,TRUE,,NANA WICHA'PALLI CHIPEKHEK'NENKEK,,
F-0112,el niño no ama la naturaleza.,NANA' WILA TANTENI'ÑI DUDIMPU'LUSA' LUPA'KLA,TRUE,,NAWA' WICHA'PALLINA KASISERLA'SIK,,
F-0113,ella no ama a sus amigos.,NANA' TANTENI'ÑI EKKUANENLUSA',TRUE,,KENMU'WA WICHA'TERWA WERAN'A'KA'SU'SUPINAK,,
F-0114,ella ama a sus amigos.,NANA' TANTENÑI EKKUANENLUSA',TRUE,,NANA INDEKLITULLI NAWA'LEK,,
F-0115,ella ama a su familia.,NANA' TANTENÑI PATUN'NENLUSA,TRUE,,,,
F-0116,ellas aman a su familia.,NAWA' TANTENÑINA PATUN'NENLUSA,TRUE,,,,
F-0117,ellas no aman a sus amigos.,NANA' TANTENI'ÑINA' EKKUANENLUSA',TRUE,,,,
F-0118,ellos aman a su familia.,NAWA' TANTENÑINA' PATUN'NENLUSA,TRUE,,,,
F-0119,ellos no aman a su familia.,NAWA' KU'LA TANTENI'ÑINA' PATUN'NENLUSA,TRUE,,,,
F-0120,ellos aman la naturaleza.,NAWA' TANTENÑINA'  DUDIMPU'LUSA' LUPA'KLA,TRUE,,,,
F-0121,la niña no ama la naturaleza.,NANA WILA KU'APER TANTENÑI  DUDIMPU'LUSA' LUPA'KLA,TRUE,,,,
F-0122,los niños aman a su familia.,WILALUSA' TANTENÑINA' PATUN'NENLUSA',TRUE,,,,
F-0123,nosotras no amamos a su familia.,KUDA TANTENI'ÑIDEK' PATUN'UKLUSA',TRUE,,,,
F-0124,tú no amas a sus amigos.,KENMA TANTENI'NA' EKKUANENLUSA',FALSE,X,,,
F-0125,el niño no baila con sus amigos.,NANA WILA LANSA'IÑI EKKUANENLUSA'LEK,TRUE,,,,
F-0126,ella baila con alegría.,NANA LANSA'LLI SAKE'KSU',TRUE,,,,
F-0127,ella baila con sus amigos.,NANA LANSA'LLI EKKUANENLUSA'LEK,TRUE,,,,
F-0128,ella no baila con alegría.,NANA LANSA'LLI SAKEKIN'SU',TRUE,X,,,
F-0129,ellas no bailan en la casa.,NAWA' LANSA'PI'ÑINA' PIDIK,TRUE,,,,
F-0130,ellas bailan con alegría.,NAWA' LANSA'LLINA' SAKEK'SU',TRUE,,,,
F-0131,ellas no bailan en la escuela.,NAWA' LANSA'PI'ÑINA' ÑINCHITUPIDEK'KEK',TRUE,,,,
F-0132,ellas no bailan con alegría.,NAWA' LANSA'PI'ÑINA' SAKEK'SU',TRUE,,,,
F-0133,la niña baila con alegría.,NANA WILA KU'APER LANSA'LLI' SAKEK'SU',TRUE,,,,
F-0134,la niña no baila con sus amigos.,NANA WILA KU'APER  LANSA'IÑI EKKUANENLUSA'LEK,TRUE,,,,
F-0135,las niñas bailan con alegría.,WILA KU'APERLUSA' LANSA'LLINA' SAKEK'SU',TRUE,,,,
F-0136,las niñas no bailan con alegría.,WILA KU'APERLUSA' LANSAI'ÑINA' SAKEK'SU',TRUE,,,,
F-0137,los niños no bailan con sus amigos.,WILALUSA' LANSAI'ÑINA' EKKUANENLUSA'LEK,TRUE,,,,
F-0138,nosotras no bailamos en la escuela.,KUDA LANSA'PI'ÑIDEK' ÑINCHITUPIDEK'KEK',TRUE,,,,
F-0139,ustedes bailan en la casa.,KENMAMA' LANSA'PALAMA' PIDIK,TRUE,,,,
F-0140,yo bailo con alegría.,KUA LANSA'LEK' SAKEK'SU',TRUE,,,,
F-0141,yo no bailo en la casa.,KUA LANSAI'NEK' PIDIK,TRUE,,,,
F-0142,él baila con alegría.,NANA LANSA'LLI SAKEK'SU',TRUE,,,,
F-0143,él no baila con alegría.,NANA LANSAI'ÑI SAKEK'SU',TRUE,,,,
F-0144,el niño baja la escalera.,NANAWILA NU'WAÑI CHINTEN'NAKLA',TRUE,,,,
F-0145,ella baja la escalera.,NANA NU'WAÑI CHINTEN'NAKLA',TRUE,,,,
F-0146,ella baja al río.,NANA NU'WAÑI KUPIN'DEK'SHADIK,TRUE,,,,
F-0147,ellas no bajan al primer piso.,NAWA' NU'WAN'IÑINA' DAWIK ,TRUE,X,,,
F-0148,ellas bajan al río.,NAWA' NU'WAÑINA' KUPIN'DEK'SHADIK,TRUE,,,,
F-0149,ellos bajan al río.,NAWA' NU'WAÑINA' KUPIN'DEK'SHADIK,TRUE,,,,
F-0150,ellos bajan la escalera.,NAWA' NU'WAÑINA' CHINTEN'NA,TRUE,,,,
F-0151,la niña no baja al primer piso.,NANA WILA KU'APER NU'WAN'IÑI' DAWIK ,TRUE,,,,
F-0152,las niñas no bajan al primer piso.,NANA WILALUSA KU'APER NU'WAN'IÑINA' DAWIK,TRUE,X: muy bajo,,,
F-0153,los niños no bajan al río.,WILALUSA NU'WAN'PI'ÑINA' KUPIN'DEK'SHADIK,TRUE,,,,
F-0154,los niños no bajan al primer piso.,WILALUSA NU'WAN'IÑINA' DAWIK ,TRUE,,,,
F-0155,los niños bajan al río.,WILALUSA NU'WAN'ÑINA' KUPIN'DEK'SHADIK,TRUE,,,,
F-0156,nosotras no bajamos al primer piso., KUDA NU'WAN'PI'ÑIDEK' DAWIK,TRUE,,,,
F-0157,nosotras bajamos la escalera.,KUDA NU'WAN'TAPALLIDEK' CHINTEN'NA,TRUE,,,,
F-0158,nosotros no bajamos al río.,KUDA NU'WAN'PI'ÑIDEK' KUPIN'DEK'SHADIK,TRUE,,,,
F-0159,tú no bajas al río.,KENMA NU'WAN'PINA KUPIN'DEK'SHADIK,TRUE,,,,
F-0160,tú bajas al río.,KENMA NU'WAN'PALA KUPIN'DEK'SHADIK,TRUE,,,,
F-0161,ustedes no bajan la escalera.,KENMAMA' NU'WAN'TAPINAMA' CHINTEN'NA,TRUE,,,,
F-0162,él baja al río.,NANA NU'WAN'TAPALLI KUPIN'DEK'SHADEK,TRUE,,,,
F-0163,él baja al primer piso.,NANA NU'WAN'TAPALLI DAWIK,TRUE,,,,
F-0164,él no baja al río.,NANA NU'WAN'PI'ÑI KUPIN'DEK'SHADIK,TRUE,,,,
F-0165,el niño camina en la escuela.,NANAWILA DEKKUNTULLI ÑINCHITUPIDEK'KEK',TRUE,,,,
F-0166,el niño camina muy rápido.,NANAWILA DEKKUNTULLI NAKUSU' WIU'KSU',TRUE,,,,
F-0167,ella camina muy rápido.,NANAWILA DEKKUNTULLI NAKUSU' WIU'KSU',TRUE,,,,
F-0168,ellas caminan en silencio.,NAWA' DEKKUNTULLINA' TATULA'NA,TRUE,,,,
F-0169,ellas no caminan muy rápido.,NAWA' KU'LA DEKKUNCHIÑINA' NAKUSU WIU'KSU',TRUE,x,,,
F-0170,ellas caminan muy rápido.,NAWA' DEKKUNTULLINA' NAKUSU' WIU'KSU',TRUE,,,,
F-0171,ellos caminan muy rápido.,NAWA' DEKKUNTULLINA' NAKUSU' WIU'KSU',TRUE,,,,
F-0172,ellos caminan en la escuela.,NAWA' DEKKUNTULLINA' ÑINCHITUPIDEK'KEK',TRUE,,,,
F-0173,la niña camina con su familia.,NANA WILA KU'APER DEKKUNTULLI PATUNENLEK',TRUE,,,,
F-0174,la niña camina muy rápido.,NANA WILA KU'APER DEKKUNTULLI NAKUSU' WIU'KSU',TRUE,,,,
F-0175,la niña camina en la escuela.,NANA WILA KU'APER DEKKUNTULLI ÑINCHITUPIDEK'KEK',TRUE,,,,
F-0176,las niñas no caminan muy rápido.,WILA KU'APERLUSA  DEKKUNCHI'ÑINA' ENPUNI WIU'KSU',TRUE,,,,
F-0177,los niños caminan muy rápido.,WILALUSA DEKKUNTULLINA' NAKUSU' WIU'KSU',TRUE,,,,
F-0178,nosotros no caminamos en silencio.,KUDA KU'LA DEKKUNCHI'ÑIDEK TA'TULA'MUDEK,TRUE,,,,
F-0179,nosotros no caminamos en la escuela.,KUDA KU'LA DEKKUNCHI'ÑIDEK ÑINCHITUPIDEK'KEK',TRUE,,,,
F-0180,nosotros caminamos muy rápido.,KUDA DEKKUNTULLIDEK NAKUSU' WIU'KSU',TRUE,,,,
F-0181,tú caminas con su familia.,KENMA DEKKUNTULA PATUNENLEK',TRUE,,,,
F-0182,tú caminas muy rápido.,KENMA DEKKUNTULA NAKUSU' WIU'KSU',TRUE,,,,
F-0183,ustedes caminan con su familia.,KENMAMA' DEKKUNTULAMA PATUNENLEK',TRUE,*Voz un poco temblorosa,,,
F-0184,ustedes caminan en la escuela.,KENMAMA' DEKKUNTULAMA ÑINCHITUPIDEK'KEK',TRUE,,,,
F-0185,yo no camino muy rápido.,KUA DEKKUNTAPINEK ENPU'NI WIU'KSU',TRUE,,,,
F-0186,yo camino muy rápido.,KUA DEKKUNTULEK ENPU'NI WIU'KSU'IPA,TRUE,,,,
F-0187,él no camina en silencio.,NANA DEKKUNCHIÑI TA'TULA',TRUE,"*Se esucha un poco al final como ""Ta'tulaN"" ",,,
F-0188,él camina con su familia.,NANA DEKKUNTULLI PATUNENLEK',TRUE,,,,
F-0189,él camina muy rápido.,NANA DEKKUNTULLI ENPU'NI WIU'KSU'IPA,TRUE,,,,
F-0190,el niño cierra el libro.,NANA WILA UNKU'LLI NANA KERKA',TRUE,,,,
F-0191,ella no cierra la mochila.,NANA KU'LA UNKUI'ÑI NANA MUCHILA,TRUE,,,,
F-0192,ella cierra la puerta.,NANA UNKU'LLI UNKUNAN,TRUE,,,,
F-0193,ellas no cierran la puerta.,NAWA' KU'LA UNKUI'ÑINA UNKUNAN,TRUE,,,,
F-0194,ellas cierran el libro.,NAWA' KU'LA UNKUI'ÑINA NANA KERKA',TRUE,,,,
F-0195,ellos no cierran la puerta.,NAWA' KU'LA UNKUI'ÑINA NANA UNKUNAN,TRUE,,,,
F-0196,las niñas cierran la puerta.,WILA KU'APERLUSA UNKU'LLINA NANA UNKUNAN,TRUE,,,,
F-0197,las niñas no cierran el libro.,WILA KU'APERLUSA KU'LA UNKUI'ÑINA NANA KERKA',TRUE,,,,
F-0198,nosotras no cerramos la puerta.,KUDA KU'LA UNKUI'ÑIDEK NANA UNKUNAN,TRUE,,,,
F-0199,nosotros cerramos el libro.,KUDA UNKU'LLIDEK NANA KERKA',TRUE,,,,
F-0200,tú cierras la mochila.,KENMA UNKU'LA NANA MUCHILA ,TRUE,,,,
F-0201,ustedes no cierran la mochila.,KENMAMA' KU'LA UNKUI'NAMA' NANA MUCHILA,TRUE,,,,
F-0202,ustedes no cierran el libro.,KENMAMA' KU'LA UNKUI'NAMA' NANA KERKA',TRUE,,,,
F-0203,yo no cierro el libro.,KUA KU'LA UNKUI'NEK NANA KERKA',TRUE,,,,
F-0204,él no cierra el libro.,NANA KU'LA UNKUI'ÑI NANA KERKA',TRUE,,,,
F-0205,él no cierra la mochila.,NANA KU'LA UNKUI'ÑI NANA MUCHILA,TRUE,,,,
F-0206,ella no construye un puente.,NANA KU'LA NU'TAPI'ÑI ALA'SA' PENTUNAN,FALSE,"Confunde una palabra , en la regrabacion formula otra oracion parecida pero no la misma",,,
F-0207,ella construye un puente.,NANA NU'TAPI'ÑI ALA'SA' PENTUNAN,TRUE,,,,
F-0208,ellas no construen una casa.,NAWA' KU'LA NU'TAPI'ÑINA' ALA'SA' PIDEK,TRUE,,,,
F-0209,ellas construyen una casa.,NAWA' NU'TAPALLINA ALA'SA' PIDEK,TRUE,,,,
F-0210,la niña construye una casa.,NANA WILA KU'APER NU'TULLI ALA'SA' PIDEK,TRUE,,,,
F-0211,la niña no construye una casa.,NANA WILA KU'APER KU'LA NU'CHIÑI ALA'SA' PIDEK,FALSE,Mala calidad,,,
F-0212,los niños construyen una torre.,WILALUSA' NU'TULLINA ALA'SA' TORRE,TRUE,,,,
F-0213,nosotras no construimos una casa.,KUDA KU'APERLUSA KU'LA NU'CHIÑIDEK ALA'SA' PIDEK,FALSE,Mala calidad,,,
F-0214,nosotros no construimos una torre.,KUDA KU'LA NUTAPI'ÑIDEK ALA'SA' TORRE,TRUE,,,,
F-0215,tú construyes una casa.,KENMA NU'TULA ALA'SA' PIDEK,TRUE,,,,
F-0216,tú construyes un puente.,KENMA NU'TULA ALA'SA' PENTUNAN,TRUE,,,,
F-0217,ustedes construyen un puente.,KENMAMA' NU'TULAMA' ALA'SA' PENTUNAN,TRUE,Entonacion correcta?? suena muy intenso,,,
F-0218,yo construyo un puente.,KUA NU'TULEK ALA'SA' PENTUNAN,TRUE,Se escuchan ligeros sonidos externos,,,
F-0219,él no construye una torre.,NANA KU'LA NU'CHI'ÑI ALA'SA' TORRE,TRUE,,,,
F-0220,ella no corre bajo la lluvia.,NANA KU'LA TEKA'PI'ÑI U'LAN WILENKEK,TRUE,,,,
F-0221,ella no corre muy rápido.,NANA KU'LA TEKA'PI'ÑI ENPU'NI WIU'KSU',TRUE,,,,
F-0222,ellas no corren muy rápido.,NAWA' KU'LA TEKA'PI'ÑINA NAKUSU WIU'KSU',TRUE,,,,
F-0223,ellas corren muy rápido.,NAWA' TEKA'LLINA NAKUSU WIU'KSU',TRUE,,,,
F-0224,ellos corren en el patio.,NAWA' TEKA'LLINA INYULATEK'KEK,TRUE,,,,
F-0225,la niña no corre bajo la lluvia.,NANA WILA KU'APER KU'LA TEKA'PI'ÑI U'LAN WILENKEK,TRUE,,,,
F-0226,las niñas no corren en el patio.,WILA KU'APERLUSA KU'LA TEKA'PI'ÑINA' INYULATEK'KEK,TRUE,,,,
F-0227,las niñas corren muy rápido.,WILA KU'APERLUSA TEKA'LLINA NAKUSU WIU'KSU',TRUE,,,,
F-0228,las niñas no corren bajo la lluvia.,WILA KU'APERLUSA KU'LA TEKA'IÑINA U'LAN WILENKEK,TRUE,,,,
F-0229,las niñas corren bajo la lluvia.,WILA KU'APERLUSA TEKA'LLINA U'LAN WILENKEK,TRUE,,,,
F-0230,las niñas corren por las mañanas.,WILA KU'APERLUSA TEKA'LLINA DASU'LALUSA',TRUE,,,,
F-0231,nosotras no corremos en el patio.,KUDA KU'APERLUSA KU'LA TEKA'PI'ÑIDEK INYULATEK'KEK,TRUE,,,,
F-0232,nosotros no corremos bajo la lluvia.,KUDA KU'APERLUSA KU'LA TEKA'PI'ÑIDEK U'LAN WILENKEK,TRUE,,,,
F-0233,tú corres por las mañanas.,KENMA TEKA'PALA' DASU'LALUSAK',TRUE,,,,
F-0234,ustedes no corren muy rápido.,KENMAMA' KU'LA TEKA'PI'NAMA' ENPU'NI WIU'KSU',TRUE,,,,
F-0235,yo no corro bajo la lluvia.,KUA KU'LA TEKA'PI'NEK' U'LAN WILENKEK,TRUE,,,,
F-0236,yo corro bajo la lluvia.,KUA TEKA'PALEK U'LAN WILENKEK,TRUE,,,,
F-0237,yo no corro por las mañanas.,KUA KU'LA TEKA'PI'NEK' DASU'LALUSAK',TRUE,,,,
F-0238,él corre muy rápido.,NANA TEKA'LLI NAKUSU' WIU'KSU',TRUE,,,,
F-0239,el niño no enseña a los niños.,NANA WILA KU'LA  ALEK'APADEKI'ÑI WILALUSA',TRUE,,,,
F-0240,ella no enseña matemáticas.,NANA KU'LA A'LEKTAPI'ÑI MATEMATICA,TRUE,KUA DEKKUNTULEK ENPU'NI WIU'KSU',,,
F-0241,ellas no enseñan a los niños.,NAWA' KU'LA A'LEK'API'ÑINA' WILALUSA' ,TRUE,,,,
F-0242,la niña enseña a los niños.,WILA KU'APER A'LEKDEK'LLI WILALUSA',TRUE,,,,
F-0243,nosotras no enseñamos una escritura.,KUDA KU'LA A'LEKTAPI'ÑIDEK ALA'SA' LLINSERPI,TRUE,NANA DEKKUNTULLI ENPU'NI WIU'KSU',,,
F-0244,nosotras enseñamos a contar.,KUDA A'LEK' TAPALLIDEK PICHITAK,TRUE,,,,
F-0245,nosotros no enseñamos una lección.,KUDA KU'LA A'LEKTAPI'ÑIDEK ALA'SA' LECCIÓN,TRUE,,,,
F-0246,nosotros no enseñamos a los niños.,KUDA KU'LA A'LEKTAPI'ÑIDEK  WILALUSA',TRUE,,,,
F-0247,ustedes no enseñan a los niños.,KENMAMA' KU'LA A'LEK'API'NAMA' WILALUSA',TRUE,,,,
F-0248,ustedes enseñan a contar.,KENMAMA' A'LEKTULAMA PICHITAK,TRUE,,,,
F-0249,yo enseño a escribir.,KUA A'LEKTULEK LLINSERCHAK',TRUE,,,,
F-0250,él enseña a los niños.,NANA A'LEK'DEKLLI WILALUSA',TRUE,,,,
F-0251,él no enseña a escribir.,NANA KU'LA A'LEKCHIÑI LLINSERCHAK,TRUE,,,,
F-0252,el niño no escribe su historia.,NANA WILA LINSERCHULLI NANPIA'SU'NEN,TRUE,,,,
F-0253,el niño escribe una carta.,NANA WILA LINSERCHULLI ALASA' LA'LA',TRUE,,,,
F-0254,ellas no escriben sus nombres.,NAWA' KU'LA LLINSERCHI'ÑINA' LLILLINNENNA',TRUE,,,,
F-0255,la niña no escribe su nombre.,NANA WILAKU'APER KU'LA LLINSERCHI'ÑI LLILLINNEN,TRUE,,,,
F-0256,los niños no escriben sus historias.,WILALUSA' KU'LA LLINSERCHI'ÑINA NANPIER'KASU',TRUE,,,,
F-0257,nosotras no escribimos una carta.,KUDA KU'LA LLINSERCHI'ÑIDEK ALA'SA' KERKA',TRUE,,,,
F-0258,nosotros no escribimos una carta.,KUDA KU'LA LLINSERCHI'ÑIDEK ALA'SA' KERKA',TRUE,,,,
F-0259,tú escribes una historia.,KENMA LLINSERCHULA ALA'SA' NANPIER'KASU',TRUE,,,,
F-0260,tú escribes su nombre.,KENMA LLINSERCHULA LLILLINNEN,TRUE,,,,
F-0261,yo escribo su nombre.,KUA LLINSERCHULEK LLILLINNEN,TRUE,,,,
F-0262,ellas escuchan la música.,NAWA' LAUKLLINA' TULUNER',TRUE,,,,
F-0263,ellas no escuchan música.,NAWA' KU'LA LAUK'I'ÑINA' TULUNER',TRUE,,,,
F-0264,ellos escuchan a su maestro.,NAWA' LAUK'LLINA' A'LEKTUTEKNEN,TRUE,,,,
F-0265,la niña no escucha música.,WILA KU'APER KU'LA LAUK'I'ÑI' TULUNER',TRUE,,,,
F-0266,la niña no escucha la música.,WILA KU'APER KU'LA LAUK'I'ÑI' TULUNER',TRUE,,,,
F-0267,las niñas escuchan música.,WILA KU'APERLUSA' LAUK'LLINA' TULUNER' ,TRUE,,,,
F-0268,los niños no escuchan música.,WILALUSA' KU'LA LAUK'I'ÑINA' TULUNER',TRUE,,,,
F-0269,los niños escuchan la música.,WILALUSA' LAUK'LLINA TULUNER',TRUE,,,,
F-0270,los niños no escuchan la música.,WILALUSA' KU'LA LAUK'I'ÑINA' TULUNER',TRUE,,,,
F-0271,nosotras escuchamos la música.,KUDA LAUK'LLIDEK TULUNER',TRUE,,,,
F-0272,nosotras no escuchamos música.,KUDA KU'LA LAUK'I'ÑIDEK TULUNER',TRUE,,,,
F-0273,nosotros escuchamos la musica.,KUDA LAUK'LLIDEK TULUNER',TRUE,,,,
F-0274,nosotros no escuchamos música.,KUDA KU'LA LAUK'I'ÑIDEK TULUNER',TRUE,,,,
F-0275,nosotros no escuchamos a su maestro.,KUDA KU'LA LAUK'I'ÑIDEK A'LEKTUTEK'NEN,TRUE,,,,
F-0276,nosotros escuchamos a su maestro.,KUDA LAUK'LLIDEK A'LEKTUTEK'NEN,TRUE,,,,
F-0277,tú no escuchas a su maestro.,KENMA KU'LA LAUK'I'NA A'LEKTUTEK'NEN,TRUE,,,,
F-0278,tú no escuchas la musica.,KENMA KU'LA LAUK'I'NA TULUNER',TRUE,,,,
F-0279,tú escuchas música.,KENMA LAUK'LA TULUNER',TRUE,,,,
F-0280,ustedes escuchan a su maestro.,KENMAMA' LAUK'LAMA' A'LEKTUTEKPENMA',TRUE,,,,
F-0281,yo escucho a su maestro.,KUA LAUK'LEK A'LEKTUTEKNEN,TRUE,,,,
F-0282,el niño no espera en la casa.,WILA KU'LA WA'TENCHI'ÑI PIDEK'KEK,TRUE,,,,
F-0283,el niño no espera tranquilo.,NANA WILA KU'LA WA'TENCHI'ÑI MUSICLANLEK',TRUE,,,,
F-0284,ella espera en la escuela.,NANA WA'TENTULLI ÑINCHITUNAPIDEK'KEK,TRUE,,,,
F-0285,ellas no esperan en silencio.,NAWA' KU'LA WA'TENCHI'ÑINA' TA'TULAN'NA',TRUE,,,,
F-0286,ellas esperan con tranquilidad.,NAWA' WA'TENTULLINA' MUSICLANLEK',TRUE,,,,
F-0287,ellas esperan en silencio.,NAWA' WA'TENTULLINA' TA'TULAN'NA',TRUE,,,,
F-0288,ellos no esperan en silencio.,NAWA' KU'LA WA'TENCHI'ÑINA' TA'TULAN'NA',TRUE,,,,
F-0289,la niña no espera en la casa.,NANA' WILA KU'APER KU'LA WA'TENCHI'ÑI PIDEK'KEK,TRUE,,,,
F-0290,la niña no espera con tranquilidad.,NANA' WILA KU'APER KU'LA WA'TENCHI'ÑI MUSICLANLEK',TRUE,,,,
F-0291,nosotras no esperamos en la escuela.,KUDA KU'LA WA'TENCHI'ÑIDEK ÑINCHITUNAPIDEK'KEK,TRUE,,,,
F-0292,nosotras esperamos en silencio.,KUDA WA'TEN'TULLI'DEK TA'TULA'MUDEK,TRUE,,,,
F-0293,nosotros esperamos con tranquilidad.,KUDA WA'TEN'TULLI'DEK MUSICLANLEK',TRUE,,,,
F-0294,nosotros esperamos en la casa.,KUDA WA'TEN'TULLI'DEK  PIDEK'KEK,TRUE,,,,
F-0295,tú no esperas con tranquilidad.,KENMA WA'TEN'CHI'NA MUSICLANLEK',TRUE,,,,
F-0296,tú esperas en la escuela.,KENMA WA'TEN'TULA ÑINCHITUNAPIDEK'KEK,TRUE,,,,
F-0297,tú esperas en la casa.,KENMA WA'TEN'TULA PIDEK'KEK,TRUE,,,,
F-0298,ustedes no esperan en la casa.,KENMAMA' KU'LA WA'TENCHI'NAMA' PIDEK'KEK,TRUE,,,,
F-0299,ustedes no esperan en silencio.,KENMAMA' KU'LA WA'TENCHI'NAMA' TA'TULAN'MA,TRUE,,,,
F-0300,ustedes esperan con tranquilidad.,KENMAMA' WA'TEN'TULAMA' MUSICLANLEK',TRUE,,,,
F-0301,yo espero con tranquilidad.,KUA PUR'LEK MUSICLANLEK',TRUE,,,,
F-0302,él no espera con tranquilidad.,NANA KU'LA WA'TENCHI'ÑI MUSICLANLEK',TRUE,,,,
F-0303,él no espera en silencio.,NANA KU'LA WA'TENCHI'ÑI TA'TULA'KEK,TRUE,,,,
F-0304,el niño no estudia ciencias.,NANA WILA KU'LA ÑINCHITAPI'ÑI CIENCIAS,TRUE,,,,
F-0305,ella estudia ciencias.,NANA ÑINCHITAPALLI CIENCIAS,TRUE,,,,
F-0306,ella no estudia ciencias.,NANA KU'LA ÑINCHITAPI'ÑI CIENCIAS,TRUE,,,,
F-0307,ellas estudian historia.,NAWA' ÑINCHITAPALLINA' NANPIER'KASU',TRUE,,,,
F-0308,ellas no estudian historia.,NAWA' KU'LA NINCHITAPI'ÑINA' NANPIER'KASU',TRUE,,,,
F-0309,ellas no estudian ciencias.,NAWA' KU'LA NINCHITAPI'ÑINA' CIENCIAS,TRUE,,,,
F-0310,ellas estudian ciencias.,NAWA' NINCHITAPALLINA' CIENCIAS,TRUE,,,,
F-0311,ellos estudian el pasado.,NAWA' ÑINCHITULLINA NAKUA'SU,TRUE,,,,
F-0312,ellos estudian hoy.,NAWA' ÑINCHITULLINA IPA'LAKLA,TRUE,,,,
F-0313,ellos estudian el futuro.,NAWA' ÑINCHITULLINA YANAKUA'SU,TRUE,,,,
F-0314,la niña estudia ahora.,NANA WILLAKU'APER ÑINCHITAPALLI IPA'LA,TRUE,,,,
F-0315,la niña estudiara mañana.,NANA WILLAKU'APER ÑINCHITECHU EKLLI,TRUE,,,,
F-0316,las niñas estudiaran mañana.,NANA WILLA KU'APER'LUSA' ÑINCHITECHUNA' EKLLI,TRUE,,,,
F-0317,los niños estudiaran mañana.,NANA WILLALUSA' ÑINCHITECHUNA' EKLLI,TRUE,,,,
F-0318,los niños no estudian hoy.,WILLALUSA' KU'LA ÑINCHICHI'ÑINA' IPA'LA,TRUE,,,,
F-0319,los niños estudian hoy.,WILLALUSA' ÑINCHITULLINA' IPA'LA,TRUE,,,,
F-0320,nosotros no estudiamos hoy.,KENMU'WA' KU'LA ÑINCHITA'PI'ÑIDEK IPA'LA,TRUE,,,,
F-0321,tú estudias cocina.,KENMA ÑINCHITAPALA' KALU'TAK',TRUE,,,,
F-0322,tú estudias medicina.,KENMA ÑINCHITAPALA' LULENTAK',TRUE,,,,
F-0323,el niño habla en la escuela.,NANA WILLA LUNPA'LLI ÑINCHITUNAPIDEK'KEK,TRUE,,,,
F-0324,el niño no habla con su familia.,NANA WILLA KU'LA LUNPI'ÑI PATUN'NENLEK,TRUE,,,,
F-0325,el niño no habla en la casa.,NANA WILLA KU'LA LUNPI'ÑI PIDEKNENKEK,TRUE,,,,
F-0326,el niño habla con su familia.,NANA WILLA LUNPA'LLI PATUN'NENLEK,TRUE,,,,
F-0327,ella no habla con su familia.,NANA KU'LA LUMPI'ÑI PATUN'NENLEK,TRUE,,,,
F-0328,ellas no hablan en voz baja.,NAWA' KU'LA LUMPI'ÑINA TA'TULAN'NA',TRUE,,,,
F-0329,ellas no hablan en la casa.,NAWA' KU'LA LUMPI'ÑINA PIDEK'KEK,TRUE,,,,
F-0330,ellas no hablan con su familia.,NAWA' KU'LA LUNPI'ÑINA PATUN'NEN'NA'LEK,TRUE,,,,
F-0331,ellos hablan en la casa.,NAWA' LUNPALLINA' PIDEK'KEK,TRUE,,,,
F-0332,ellos hablan en la escuela.,NAWA' LUNPALLINA' ÑINCHITUNAN'PIDEK'KEK,TRUE,,,,
F-0333,la niña no habla en la escuela.,NANA WILLAKU'APER KU'LA LUNPI'ÑI ÑINCHITUNAN'PIDEK'KEK,TRUE,,,,
F-0334,la niña no habla con su familia.,NANA WILLAKU'APER KU'LA LUNPI'ÑI PATUN'NEN'LUSA'LEK,TRUE,,,,
F-0335,la niña habla en la casa.,NANA WILLAKU'APER LUNPA'LLI  PIDEK'KEK,TRUE, ,,,
F-0336,las niñas no hablan solas.,NANA WILAKUAPER'LUSA KU'LA LUNPI'ÑINA' NAWA'SA',TRUE,,,,
F-0337,los niños hablan despacio.,NANA WILALUSA' LUÑINA' UTI'LA,TRUE,,,,
F-0338,nosotras hablamos fuerte.,KUDA LUÑIDEK IKERSU',TRUE,,,,
F-0339,nosotras hablamos bien,KUDA LUÑIDEK MUSU',TRUE,,,,
F-0340,nosotros no hablamos fuerte.,KUDA KU'LA LUI'ÑIDEK IKERSU',TRUE,,,,
F-0341,nosotros no hablamos despacio.,KUDA KU'LA LUI'ÑIDEK UTI'LA,TRUE,,,,
F-0342,nosotros hablamos con su primo.,KUDA LUÑIDEK PRIMUNENLEK,TRUE,,,,
F-0343,tú no hablas en la iglesia.,KENMA KU'LA LUNPI'NA ILLISIAK,TRUE,,,,
F-0344,tú hablas en voz baja.,KENMA LUNPA'LA ADAWA'SU',TRUE,,,,
F-0345,ustedes no hablan de ella,KENMAMA LUMPI'NAMA' NANAKIN,TRUE,,,,
F-0346,ustedes hablan entre ustedes.,KENMAMA LUMPA'LAMA KENMAMATUCHI,TRUE,,,,
F-0347,yo hablo en la iglesia.,KUA LUMPALEK ILLISIAK,TRUE,,,,
F-0347-2,yo me llamo erasmo,KUA IMPEKLUPALEK IRASHU,TRUE,IRASHU = ERASMO,,,
F-0348,él habla por telefono.,NANA LUÑI WANA LUN'A'SUKEK,TRUE,,,,
F-0349,ella no lava la ropa.,NANA KU'LA PEKSA' PI'ÑI KUTUNLUSA',TRUE,,,,
F-0350,ellos lavan los platos.,NAWA'PAMU'LLINA' SINANLUSA',TRUE,x,,,
F-0351,ellos no lavan los platos.,NAWA'KU'LA PAMUIÑINA' SINANLUSA',TRUE,,,,
F-0352,ellos lavan la ropa.,NAWA'PEKSA´LLINA' KUTUNLUSA',TRUE,,,,
F-0353,ellos no barren la casa.,NAWA'KU'LA WITEK'IÑINA PIDEK,TRUE,,,,
F-0354,ellos se lavan las manos.,NAWA'INPAMU ITEKLALLINA,TRUE,,,,
F-0355,las niñas lavan los platos.,NANA WILAKUAPER'LUSA' PAMUIÑINA' SINANLUSA',TRUE,,,,
F-0356,las niñas no lavan los platos.,NANA WILAKUAPER'LUSA' KU'LA PAMUIÑINA' SINANLUSA',TRUE,,,,
F-0357,nosotras nos lavamos las manos.,KUDA INPAMU' ITEKLALLIDEK,TRUE,X,,,
F-0358,nosotras lavamos los platos.,KUDA PAMU'LLIDEK SINANLUSA',TRUE,X,,,
F-0359,nosotros lavamos los platos.,KUDA PAMU'LLIDEK SINANLUSA',TRUE,,,,
F-0360,nosotros no lavamos los platos.,KUDA KU'LA PAMUI'ÑIDEK SINANLUSA',TRUE,,,,
F-0361,tú te lavas las manos con agua.,KENMA PAMU'LA ITEKLAPEN DEKLEK,TRUE,,,,
F-0361-2,tú te lavas las manos con agua.,KENMA INWINSEK'LA DEKLEK,TRUE,,,,
F-0362,ustedes no lavan los platos.,KENMAMA' PAMUI'NAMA' SINANLUSA',TRUE,,,,
F-0363,yo lavo la ropa.,KUA PEKSA'LEK KUTUN,TRUE,,,,
F-0364,él no lava la ropa.,NANA KU'LA PEKSI'ÑI KUTUN,TRUE,,,,
F-0365,él lava la ropa.,NANA PEKSA'LLI KUTUN,TRUE,,,,
F-0366,ella lee un libro.,NANA LUNTULLI ALA'SA' KERKA',TRUE,,,,
F-0367,ella no lee una revista.,NANA KU'LA LUNCHIÑI ALA'SA' KERKA',TRUE,,,,
F-0368,ellas leen una revista.,NAWA' LUNTULLINA' ALA'SA' KERKA',TRUE,,,,
F-0369,ellas no leen un cuento.,NAWA' KU'LA LUNCHI'ÑINA ALA'SA' CUENTU,TRUE,,,,
F-0370,ellos leen un cuento.,NAWA' LUNTULLINA' ALA'SA' CUENTU,TRUE,,,,
F-0371,ellos leen una revista.,NAWA' LUNTULLINA' ALASA' KERKA',TRUE,,,,
F-0372,las niñas leen un cuento.,NANA WILA KUAPERLUSA' LUNTULLINA' ALA'SA' CUENTU,TRUE,,,,
F-0373,las niñas leen un libro.,NANA WILA KUAPERLUSA' LUNTULLINA' ALA'SA' KERKA',TRUE,,,,
F-0374,las niñas no leen un cuento.,NANA WILA KUAPERLUSA' KU'LA LUNCHI'ÑINA ALA'SA' CUENTU,TRUE,,,,
F-0375,los niños leen un libro.,NANA WILALUSA' LUNTULLINA' ALA'SA' KERKA',TRUE,,,,
F-0376,los niños no leen un cuento.,NANA WILALUSA' KU'LA LUNCHI'ÑINA ALA'SA' CUENTU,TRUE,,,,
F-0377,nosotros leemos una revista.,KUDA LUNTULLIDEK ALA'SA' KERKA',TRUE,,,,
F-0378,nosotros leemos un libro.,KUDA LUNTULLIDEK ALA'SA' KERKA',TRUE,,,,
F-0379,nosotros no leemos una revista.,KUDA KU'LA LUNCHI'ÑIDEK ALA'SA' KERKA',TRUE,,,,
F-0380,tú no lees un libro.,KENMA KU'LA LUNCHI'NA ALA'SA' KERKA',TRUE,,,,
F-0381,tú lees una revista.,KENMA LUNTULA ALA'SA' KERKA',TRUE,,,,
F-0382,yo no leo una revista.,KUA KU'LA LUNCHI'NEK ALA'SA' KERKA',TRUE,,,,
F-0383,el niño limpia la casa.,NANA WILA WITEK'LLI PIDEK,TRUE,,,,
F-0384,ella no limpia la casa.,NANA KU'LA WITEK'IÑI PIDEK,TRUE,,,,
F-0385,ella limpia la casa.,NANA WITEK'LLI PIDEK,TRUE,,,,
F-0386,ella no limpia el cuarto.,NANA KU'LA WITEK'IÑI WICHI'AK,TRUE,,,,
F-0387,ellos no limpian la mesa.,NAWA'KU'LA PEKKUI'IÑINA MISA',TRUE,,,,
F-0388,la niña no limpia la casa.,NANA WILA KUAPER KU'LA WITEK'IÑI PIDEK,TRUE,,,,
F-0389,la niña no limpia la mesa.,NANA WILA KUAPER KU'LA PEKKUI'IÑI MISA',TRUE,,,,
F-0390,la niña no limpia el cuarto.,NANA WILA KUAPER KU'LA WITEK'IÑI WICHI'AK,TRUE,,,,
F-0391,las niñas no limpian la mesa.,NANA WILA KUAPERLUSA KU'LA PEKKUI'IÑINA MISA',TRUE,,,,
F-0392,las niñas limpian la mesa.,NANA WILA KUAPERLUSA PEKKUI'LLINA' MISA',TRUE,,,,
F-0393,los niños limpian la mesa.,NANA WILALUSA PEKKUI'LLINA MISA',TRUE,,,,
F-0394,nosotras no limpiamos la mesa.,KUDA KU'LA PEKKUIA'PI'ÑIDEK MISA',TRUE,,,,
F-0395,nosotros no limpiamos el cuarto.,KUDA KU'LA WITEK'API'ÑIDEK WICHI'AK,TRUE,,,,
F-0396,tú no limpias la mesa.,KENMA KU'LA PEKKUIA'PI'NA MISA',TRUE,,,,
F-0397,tú no limpias el cuarto.,KENMA WITEK'API'NA WICHI'AK,TRUE,,,,
F-0398,ustedes limpian la mesa.,KENMAMA' PEKKUI'LAMA MISA,TRUE,,,,
F-0399,ustedes no limpian la casa.,KENMAMA' KU'LA WITEK'CHI'NAMA' PIDEK'KEK,TRUE,,,,
F-0400,yo limpio el cuarto.,KUA WITEK'TULEK WICHI'AK,TRUE,,,,
F-0401,yo no limpio la mesa.,KUA KU'LA PEKKUI'INEK MISA,TRUE,,,,
F-0402,el niño no nada en la piscina.,NANA WILA KU'LA IDUI'ÑI SEN'NAN'KEK,TRUE,,,,
F-0403,el niño nada con sus amigos.,NANA WILA IDUÑI EKKUANENLUSA'LEK,TRUE,,,,
F-0404,ellas nadan bajo la lluvia.,NAWA'IDUÑINA ULAN' WILEN'KEK,TRUE,,,,
F-0405,ellas no nadan con sus amigos.,NAWA' KU'LA IDUMPI'ÑINA' EKKUANEN'NA'LEK,TRUE,,,,
F-0406,ellos nadan bajo la lluvia.,NAWA' IDUÑINA' U'LAN WILENKEK,TRUE,,,,
F-0407,ellos nadan en la cocha.,NAWA' IDUÑINA' SENANKEK,TRUE,,,,
F-0408,la niña nada bajo la lluvia.,NANA WILAKUAPER' IDUÑI U'LAN WILENKEK,TRUE,,,,
F-0409,las niñas nadan en el río.,NANA WILAKUAPER'LUSA' IDUÑINA' KUPINDEK'SHADEK'KEK,TRUE,,,,
F-0410,las niñas nadan con sus amigos.,NANA WILAKUAPER'LUSA' IDUÑINA' EKKUANEN'NALEK,TRUE,,,,
F-0411,los niños no nadan bajo la lluvia.,NANA WILALUSA' KU'LA IDUNPIÑINA' U'LAN WILENKEK,TRUE,,,,
F-0412,nosotras no nadamos bajo la lluvia.,KUDA KU'LA IDUNPI'ÑIDEK U'LAN WILENKEK,TRUE,,,,
F-0413,nosotras nadamos bajo la lluvia.,KUDA IDUNPALLIDEK U'LAN WILENKEK,TRUE,,,,
F-0414,nosotras nadamos en la cocha.,KUDA IDUNPALLIDEK SENANKEK,TRUE,,,,
F-0415,nosotras no nadamos en la cocha.,KUDA KU'LA' IDUNPI'ÑIDEK SENANKEK,TRUE,,,,
F-0416,nosotros no nadamos en la cocha.,KUDA KU'LA' IDUNPI'ÑIDEK SENANKEK,TRUE,,,,
F-0417,nosotros no nadamos en el río.,KUDA KU'LA' IDUNPI'ÑIDEK KUPINDEK'SHADEK'KEK,TRUE,,,,
F-0418,tú nadas bajo la lluvia.,KEMMA IDUNPALA' U'LAN WILENKEK,TRUE,,,,
F-0419,yo nado bajo la lluvia.,KUA IDUMPALEK' U'LAN WILENKEK,TRUE,,,,
F-0420,yo no nado con sus amigos.,KUA KU'LA IDUMPINEK' EKKUANENLUSA'LEK,TRUE,,,,
F-0421,yo no nado en la cocha.,KUA KU'LA IDUMPINEK' SENANKEK,TRUE,,,,
F-0422,él nada bajo la lluvia.,NANA IDUÑI U'LAN WILENKEK ,TRUE,,,,
F-0423,él nada con sus amigos.,NANA IDUÑI EKKUANENLUSA'LEK,TRUE,,,,
F-0424,el niño no odia la oscuridad.,NANA WILA KU'LA LUYUIÑI KASISERLU',TRUE,,,,
F-0425,el niño odia la oscuridad.,NANA WILA LUYULLI KASISER'LU',TRUE,,,,
F-0426,ella odia la tarea.,NANA LUYULLI YANU'TA'SU',TRUE,NANA LUYULLI YANU'TAKSU',,,
F-0427,ella no odia la tarea.,NANA KU'LA LUYUIÑI YANU'TA'SU',TRUE,,,,
F-0428,ellos no odian la tarea.,NAWA'KU'LA LUYUIÑINA' YANU'TER'KASU',TRUE,,,,
F-0429,las niñas odian la oscuridad.,NANA WILA KU'APERLUSA' LUYULLINA' KASISERLU',TRUE,,,,
F-0430,las niñas odian la tarea.,NANA WILA KU'APERLUSA' LUYULLINA' YANU'TER'KASU',TRUE,,,,
F-0431,los niños no odian la oscuridad.,NANA WILALUSA' KU'LA' LUYUIÑINA' KASISERLU',TRUE,,,,
F-0432,nosotras odiamos la tarea.,KUDA LUYULLIDEK YANU'TA'KAWA'SU',TRUE,,,,
F-0433,nosotros no odiamos la tarea.,KUDA KU'LA' LUYUIÑIDEK YANU'TA'KAWA'SU',TRUE,,,,
F-0434,tú odias el ruido.,KENMA' LUYULA ILLIAN'SU',TRUE,,,,
F-0435,ustedes odian el ruido.,KENMA'MA LUYULAMA' ILLIAN'SU',TRUE,,,,
F-0436,yo no odio la tarea.,KUA KU'LA' LUYUINEK YANU'TA'KA'SU',TRUE,,,,
F-0437,él odia la tarea.,NANA LUYULLI YANU'TA'SU',TRUE,,,,
F-0438,el niño no olvida una fecha importante.,NANA WILA' KU'LA' PINANERIÑI ALA'SA' UKLLI PA'TA'SU',TRUE,,,,
F-0439,ella olvida su cuaderno.,NANA PINANERIÑI KERKA'NEN,TRUE,,,,
F-0440,ellos estudian el presente.,NAWA' ÑINCHITULLINA NAKUPA'SU,TRUE,,,,
F-0441 INICIO,¿Qué hace el perro por la noche?,¿MA'PU'PALLI ÑIÑI'WA DEKPILLI?,TRUE,,,,
F-0442,El doctor cura al paciente.,WA'DANLULENTUTEK LULENÑI KALUWINAN,TRUE,,,,
F-0443,Mi lengua vive en mi cabeza.,LA'LA'UK NANPIPALLI MUTU'UKEK,TRUE,,,,
F-0444,En el bosque me perdí,TANAK WER'LIEK,TRUE,,,,
F-0445,Me gusta el caldo de gallina.,IYATULEK WA'DANTE' DEK,TRUE,,,,
F-0446,¿Qué hace ella a mediodía?,¿MA'PU'PALLI NANA IKIÑEK UKLIK?,TRUE,,,,
F-0447,¿Qué hacen los niños en la fiesta?,¿MA'PU'PALLINA' WILALUSA' PISTAK?,TRUE,,,,
F-0448,Mi mamá cocina pescado.,AWAUK KALU'PALLI SAMER,TRUE,,,,
F-0449,mamá cocina pescado.,AWA KALU'PALLI SAMER,TRUE,,,,
F-0450,Mi mamá cocina caldo de gallina.,AWAUK KALU'PALLI WA'DANTE,TRUE,,,,
F-0451,Mi mamá cocina plátano,AWAUK AKUSULLI TANGU,TRUE,,,,
F-0452,Mañana iremos a la tienda.,EKLLI PA'ATER CHINTA'K,TRUE,,,,
F-0453,¿Qué hacen ustedes por la tarde?,¿MA'PU'LAMA' KEN'MAMA' ER'WA?,TRUE,,,,
F-0454,¿Qué hace el jaguar en la selva?,¿MA'PU'PALLI AMANA' TANAK'?,TRUE,,,,
F-0455,¿Qué hacen los hombres en el río?,¿MA'PU'PALLINA' ENMU'PINENLUSA' KUPIN DEKSHADEK'KEK?,TRUE,,,,
F-0456,Ella come arroz con pollo.,NANA KA'LLI PUMULADA WA'DANTEK WAWALEK',TRUE,,,,
F-0457,Los niños cantan canciones alegres.,WILALUSA' TULUNER'LLINA' TULLUNER'LUSA' SAKEKSU',TRUE,,,,
F-0458,El perro duerme en su cama.,ÑIÑIWA WICHI'LLI PEK'SA'NENKEK',TRUE,,,,
F-0459,Nosotros jugamos fútbol en la calle.,KUDA INTEKLITULLIDEK PILUTAPI KALLIK',TRUE,,,,
F-0460,El jaguar caza su alimento en silencio.,AMANA' MAPENÑI WERANEN TA'TULAN',TRUE,,,,
F-0461,Ellos pescan con veneno de barbasco.,NAWA' PUR'LLINA' PUÑAÑIN SULLIMANLEK',TRUE,,,,
F-0462,Yo canto por las mañanas.,KUA TULUNER'LEK DASU'LALUSA',TRUE,,,,
F-0463,Tú cantas por las noches.,KENMA TULUNER'LA DEKPILLI'LUSA',TRUE,,,,
F-0464,Él canta en la fiesta.,NANA TULUNER'LLI PISTAK,TRUE,,,,
F-0465,Ellos cantan juntos.,NAWA' TULUNER'LLINA MUMU'SU',TRUE,,,,
F-0466,Nosotros cantamos juntos.,KENMU'WA' TULUNER'LEKWA' MUMU'SU',TRUE,x,,,
F-0467,El pájaro canta en las mañanas.,SHUNPULA PEK'KLALLI DASU'LALUSA',TRUE,,,,
F-0468,Yo como arroz todos los días.,KUA KA'LEK PUMULADA IÑER'UKLLILUSA',TRUE,,,,
F-0469,Tú comes pan con mantequilla.,KENMA KA'LA TANTA' MANTIKILLALEK,TRUE,,,,
F-0470,Él come frutas por la tarde.,NANA KA'LLI WAYU ER'WA,TRUE,,,,
F-0471,Ellos comen juntos en la mesa.,NAWA' WERAÑINA MUMU'SU' MISAK,TRUE,,,,
F-0472,Nosotros comemos en casa.,KUDA WERAÑIDEK PIDIK,TRUE,,,,
F-0473,Ese perro come rápido.,NANA ÑIÑIWA WERAÑI WIUKSU',TRUE,,,,
F-0474,Yo duermo cinco horas al día.,KUA WICHA'PALEK ALI'TEKLUM URALUSA',TRUE,,,,
F-0475,Tú duermes hasta tarde los sábados.,KENMA WICHA'PALA ER'WAWALEK' SAWADU'LUSA',TRUE,,,,
F-0476,Él duerme en su cama.,NANA WICHA'PALLI CHIPECHEK'NENKEK,TRUE,,,,
F-0477,Ellos duermen en cuanto anochece.,NAWA' WICHA'PALLINA KASISERLA'SIK,TRUE,,,,
F-0478,Nosotros dormimos después de cenar.,KENMU'WA WICHA'TERWA WERAN'A'KA'SU'SUPINAK,TRUE,X : Pronuncia WERAN'AKA'WA'SU'SU´PINAK,,,
F-0479,El gato duerme en la mesa.,MISITU WICHI'LLI MISA'K,TRUE,,,,
F-0480,Yo juego a las escondidas con mi abuelo.,KUA INTEKLITULEK INSEKITAMU PAPINKU'UKLEK,TRUE,,,,
F-0481,Tú juegas en el patio.,KENMA INDEKLITULA INYULATE'KEK,TRUE,,,,
F-0482,Él juega con ellos.,NANA INDEKLITULLI NAWA'LEK,TRUE,,,,
F-0483,Ellos juegan juegos.,NAWA' INTEKLLITULLINA IÑER' UKLLILUSA',TRUE,,,,
F-0484,Nosotros jugamos todos los días.,KUDA INTEKLLITULLIDEK IÑER' UKLLILUSA',TRUE,,,,
F-0485,El niño juega con bloques.,WILA INTEKLLITULLI TUNTUNLUSA'LEK,TRUE,,,,
F-0486,Yo cazo con arco y flecha.,KUA YUNEK'APALEK' PEKTU'NANLEK' NALA EKDENPILEK,TRUE,KUA YUNEK'APALEK' PEKTE'ÑANLEK' NALA EKDENPILEK,,,
F-0487,Tú cazas aves en la montaña.,KENMA DEI'TAPALA ILANSERLUSA' TA'NAK,TRUE,,,,
F-0488,Él caza con su padre.,NANA YUNEK'APALLI TATANENLEK,TRUE,X: No es muy claro,,,
F-0489,Ellos cazan juntos en el bosque.,NAWA' YUNEK'APALLINA' MUMU'SU' TANAK,TRUE,NAWA' YUNEK'LLINA' MUMU'SU' TANAK,,,
F-0490,Nosotros cazamos al amanecer.,KUDA YUNEK'LLIDEK UKLLIAPILASIK,TRUE,,,,
F-0491,El tigre caza sigilosamente.,NANA AMANA' MAPENÑI TATUSHALAN',TRUE,,,,
F-0492,Yo pesco con caña en el río.,KUA PUR'APALEK DEKSAMERNALALEK KUPINDE'SHADE'KEK,TRUE,,,,
F-0493,Tú pescas los domingos.,KENMA PUR'APALA TUMINKU'LUSA',TRUE,,,,
F-0494,Él pesca en el mar con su abuelo.,NANA PUR'APALLI KUPIN SEN'NAK PAPINKUNENLEK,TRUE,,,,
F-0495,Ellos pescan desde la orilla.,NAWA' PUR'LLINA' UKUCHIKLANEK,TRUE,,,,
F-0496,Nosotros pescamos en grupo.,KENMU'WA' PUR'LEK'WA' MUMU'SU',TRUE,,,,
F-0497,El hombre pesca con red.,ENMU'PINEN PUR'LLI REDLEK',TRUE,,,,
F-0498,ellas no olvidan una fecha importante.,NAWA' KU'LA PINANER'I'ÑINA' ALA'SA UKLI MUA'SU',TRUE,,,,
F-0499,ellos no olvidan la tarea.,NAWA' KU'LA PINANER'I'ÑINA' YANU'TER'KASU',TRUE,,,,
F-0500,ellos no olvidan una fecha importante.,NAWA' KU'LA PINANER'I'ÑINA' ALA'SA UKLI MUA'SU',TRUE,,,,
F-0501,ellos olvidan sus cuadernos.,NAWA' PINANER'LLINA' KER'KA'NEN'NA',TRUE,,,,
F-0502,la niña no olvida una fecha importante.,NANA WILA KU'APER KU'LA PINANER'I'ÑI ALA'SA UKLI PA'TA'SU',TRUE,,,,
F-0503,las niñas olvidan una fecha importante.,NANA WILA KU'APERLUSA PINANER'LLINA'  ALA'SA UKLI PA'TA'SU',TRUE,,,,
F-0504,los niños olvidan la tarea.,NANA WILALUSA' PINANER'LLINA' YANU'TER'KASU',TRUE,,,,
F-0505,los niños no olvidan la tarea.,NANA WILALUSA' KU'LA PINANER'I'ÑINA' YANU'TER'KASU',TRUE,,,,
F-0506,los niños olvidan una fecha importante.,NANA WILALUSA' PINANER'LLINA'  ALA'SA UKLI PA'TA'SU',TRUE,,,,
F-0507,nosotras no olvidamos sus cuadernos.,KUDA KU'LA PINANER'API'ÑIDEK KER'KA' PENMA',TRUE,,,,
F-0508,nosotras olvidamos una fecha importante.,KUDA PINANER'LLIDEK ALA'SA UKLI PA'TA'SU',TRUE,,,,
F-0509,nosotros olvidamos su cuaderno.,KUDA PINANER'LLIDEK KER'KA'NEN,TRUE,,,,
F-0510,tú olvidas su cuaderno.,KENMA PINANER'LA' KER'KA'NEN,TRUE,,,,
F-0511,tú olvidas tu cuaderno.,KENMA PINANER'LA' KER'KA'PEN,TRUE,,,,
F-0512,ustedes no olvidan una fecha importante.,KENMAMA' PINANER'API'NAMA' ALA'SA' UKLI PA'TA'SU',TRUE,,,,
F-0513,yo no olvido una fecha importante.,KUA KU'LA PINANER'API'NEK ALA'SA' UKLI PA'TA'SU',TRUE,,,,
F-0514,yo olvido una fecha importante.,KUA PINANER'LEK ALA'SA' UKLI PA'TA'SU',TRUE,,,,
F-0515,él olvida la tarea.,NANA PINANER'LLI YANU'TA'SU',TRUE,,,,
F-0516,ella piensa en su tarea.,NANA LLI'INU'TAPALLI YANU'TA'SU'NEN'KEK,TRUE,,,,
F-0517,,NANA LLI'INU'PALLI PIDEK'NEN'KEK,TRUE,,,,
F-0518,ella no piensa en su tarea.,NANA KU'LA LLI'INUTAPI'ÑI YANU'TA'SU'NEN'KEK,TRUE,,,,
F-0519,ellos piensan en su casa.,NAWA'LLI'INU'PALLINA' PIDEK'NEN'NAK,TRUE,,,,
F-0520,la niña no piensa en su tarea.,NANA WILA KUAPER KU'LA LLI'INU'PI'ÑI YANU'TA'SUN'NEN'KEK,TRUE,,,,
F-0521,las niñas piensan en su familia.,NANA WILA KUAPERLUSA LLI'INUPALLINA PA'TU'NEN'NAK,TRUE,,,,
F-0522,los niños no piensan en su familia.,NANA WILALUSA KU'LA LLI'INU'PI'ÑINA' PA'TU'NEN'NAK,TRUE,,,,
F-0523,los niños no piensan en su tarea.,NANA WILALUSA KU'LA LLI'INU'PI'ÑINA' YANU'TER'KEK,TRUE,,,,
F-0524,los niños no piensan en su casa.,NANA WILALUSA KU'LA LLI'INU'PI'ÑINA' PIDEK'NEN'NAK,TRUE,,,,
F-0525,los niños piensan en su tarea.,NANA WILALUSA LLI'INU'PALLINA' YANU'TERK'KEK,TRUE,,,,
F-0526,nosotras no piensamos en su familia.,KUDA KU'LA LLI'INU'PI'ÑIDEK PA'TU'NEN'KEK,TRUE,,,,
F-0527,nosotras piensamos en su familia.,KUDA LLI'INU'PALLIDEK PA'TU'NEN'KEK,TRUE,,,,
F-0528,nosotros piensamos en su familia.,KUDA LLI'INU'PALLIDEK PA'TU'NEN'KEK,TRUE,,,,
F-0529,tú no piensas en su familia.,KENMA KU'LA LLI'INUPI'NA PA'TU'NEN'KEK,TRUE,,,,
F-0530,él piensa en su casa.,NANA LLI'INULLI PIDEK'NEN'KEK,TRUE,,,,
F-0531,el niño no pinta un dibujo.,NANA WILA KU'LA LLINSERI'ÑI ALA'SA' DIBUJU,TRUE,,,,
F-0532,ella pinta una casa.,NANA LLINSERLLI ALA'SA' PIDEK,TRUE,,,,
F-0533,ellas no pintan un dibujo.,NAWA' KU'LA LLINSERI'ÑINA ALA'SA' DIBUJU,TRUE,,,,
F-0534,ellas no pintan una casa.,NAWA' KU'LA LLINSERI'ÑINA ALA'SA' PIDEK,TRUE,,,,
F-0535,la niña pinta una flor.,NANA WILA KUAPER LLINSERLLI ALA'SA DANKU,TRUE,,,,
F-0536,la niña pinta un plátano.,NANA WILA KUAPER LLINSERLLI ALA'SA TANKU,TRUE,,,,
F-0537,las niñas no pintan un dibujo.,NANA WILA KUAPERLUSA' KU'LA LLINSERI'ÑINA ALA'SA' DIBUJU,TRUE,,,,
F-0538,nosotras no pintamos una flor.,KUDA KU'LA LLINSERI'ÑI'DEK ALA'SA' DANKU,TRUE,,,,
F-0539,yo pinto un dibujo.,KUA LLINSERLEK ALA'SA' DIBUJU,TRUE,,,,
F-0540,yo pinto una flor.,KUA LLINSERLEK ALA'SA' DANKU,TRUE,,,,
F-0541,yo pinto una casa.,KUA LLINSERLEK ALA'SA' PIDEK,TRUE,,,,
F-0542,yo no pinto una casa.,KUA KU'LA LLINSERI'NEK ALA'SA' PIDEK,TRUE,,,,
F-0543,él no pinta una casa.,NANA KU'LA LLINSERI'ÑI ALA'SA' PIDEK,TRUE,,,,
F-0544,el niño recuerda una canción.,NANA WILA LLI'INUTA'PALLI ALA'SA' TULUNER',TRUE,,,,
F-0545,el niño no recuerda una canción.,NANA WILA KU'LA LLI'INUTA'PI'ÑI ALA'SA' TULUNER',TRUE,,,,
F-0546,ella no recuerda su nombre.,NANA KU'LA LLI'INUTAPI'ÑI LLILLINEN,TRUE,,,,
F-0547,ella no recuerda una canción.,NANA KU'LA LLI'INUTAPI'ÑI ALA'SA' TULUNER',TRUE,,,,
F-0548,ellas no recuerdan una canción.,NAWA'KU'LA LLI'INUTAPI'ÑINA ALA'SA' TULUNER',TRUE,,,,
F-0549,ellas no recuerdan su nombre.,NAWA'KU'LA LLI'INUTAPI'ÑINA LLILLINEN,TRUE,,,,
F-0550,ellas no recuerdan una historia.,NAWA'KU'LA LLI'INUTAPI'ÑINA ALA'SA HISTURIA,TRUE,,,,
F-0551,ellos recuerdan su nombre.,NAWA'LLI'INUTAPALLINA LLILLINEN,TRUE,,,,
F-0552,ellos no recuerdan su nombre.,NAWA'KU'LA LLI'INUTAPI'ÑINA LLILLINEN,TRUE,,,,
F-0553,las niñas no recuerdan una canción.,NANA WILA KUAPERLUSA KU'LA LLI'INUTAPI'ÑINA ALA'SA' TULUNER',TRUE,,,,
F-0554,las niñas no recuerdan su nombre.,NANA WILA KUAPERLUSA KU'LA LLI'INUTAPI'ÑINA LLILLINEN,TRUE,,,,
F-0555,las niñas no recuerdan una historia.,NANA WILA KUAPERLUSA KU'LA LLI'INUTAPI'ÑINA ALA'SA' HISTURIA,TRUE,,,,
F-0556,los niños recuerdan su nombre.,NANA WILALUSA LLI'INU'TAPALLINA' LLILLINEN,TRUE,,,,
F-0557,nosotras no recordamos su nombre.,KUDA KU'LA LLI'INUTA'PI'ÑIDEK LLILLINEN,TRUE,,,,
F-0558,tú recuerdas una historia.,KENMA LLI'INUTAPALA ALA'SA' HISTURIA,TRUE,,,,
F-0559,ustedes no recuerdan una historia.,KENMAMA' KU'LA LLI'INUTAPI'NAMA' ALA'SA' HISTURIA,TRUE,,,,
F-0560,ustedes no recuerdan su nombre.,KENMAMA' KU'LA LLI'INUTAPI'NAMA' LLILLINEN,TRUE,,,,
F-0561,él no recuerda una historia.,NANA KU'LA LLI'INUTAPI'ÑI ALA'SA' HISTURIA,TRUE,,,,
F-0562,el niño sube la escalera.,NANA WILA CHINTEK'LLI CHINTEN'NAK,TRUE,,,,
F-0563,el niño sube al segundo piso.,NANA WILA CHINTEK'LLI KATU' MUSEN'KEK,TRUE,,,,
F-0564,ella sube al segundo piso.,NANA CHINTEK'LLI KATU' MUSEN'KEK,TRUE,,,,
F-0565,ellos no suben al segundo piso.,NAWA' KU'LA CHINTEK'IÑINA KATU' MUSEN'KEK,TRUE,,,,
F-0566,ellos suben la escalera.,NAWA' CHINTEK'TULLINA CHINTEN'NAN,TRUE,,,,
F-0567,la niña sube la escalera.,NANA WILA KUAPER CHINTEK'TULLI CHINTEN'NAN,TRUE,,,,
F-0568,la niña no sube a la montaña.,NANA WILA KUAPER KU'LA CHINTEK'IÑI MUTUPIK,TRUE,,,,
F-0569,las niñas suben a la montaña.,NANA WILA KUAPERLUSA CHINTEK'LLINA MUTUPIK,TRUE,,,,
F-0570,las niñas no suben a la montaña.,NANA WILA KUAPERLUSA KU'LA CHINTEK'IÑINA MUTUPIK,TRUE,,,,
F-0571,los niños suben la escalera.,NANA WILALUSA' CHINTEK'LLINA CHINTEN'NAK,TRUE,,,,
F-0572,los niños no suben al segundo piso.,NANA WILALUSA' KU'LA CHINTEK'IÑINA KATU' MUSEN'KEK,TRUE,,,,
F-0573,los niños no suben a la montaña.,NANA WILALUSA' KU'LA CHINTEK'IÑINA MUTUPIK,TRUE,,,,
F-0574,nosotros no subimos la escalera.,KUDA KU'LA CHINTEK'IÑIDEK CHINTEN'NAK,TRUE,,,,
F-0575,nosotros no subimos a la montaña.,KUDA KU'LA CHINTEK'IÑIDEK MUTUPIK,TRUE,,,,
F-0576,nosotros subimos al segundo piso.,KUDA CHINTEK'LLIDEK KATU' MUSEN'KEK,TRUE,,,,
F-0577,tú no subes la escalera.,KENMA KU'LA CHINTEK'INA CHINTEN'NAK,TRUE,,,,
F-0578,ustedes suben a la montaña.,KENMAMA' CHINTEK'LAMA' MUTUPIK,TRUE,,,,
F-0579,yo no subo a la montaña.,KUA KU'LA CHINTEK'INEK MUTUPIK,TRUE,,,,
F-0580,él sube a la montaña.,NANA CHINTEK'LLI MUTUPIK,TRUE,,,,
F-0581,él sube al segundo piso.,NANA CHINTEK'LLI KATU' MUSEN'KEK,TRUE,,,,
F-0582,él no sube la escalera.,NANA KU'LA CHINTEK'IÑI CHINDEN'NAK ,TRUE,,,,
F-0583,él no sube a la montaña.,NANA KU'LA CHINTEK'IÑI MUTUPIK,TRUE,,,,
F-0584,el niño no trabaja todos los días.,NANA WILA KU'LA SAKA'TAPI'ÑI IÑER'UKLLILUSA',TRUE,,,,
F-0585,el niño no trabaja con alegría.,NANA WILA KU'LA SAKA'TAPI'ÑI SAKEKSU',TRUE,,,,
F-0586,ella no trabaja todos los días.,NANA KU'LA SAKA'TAPI'ÑI IÑER'UKLLILUSA',TRUE,,,,
F-0587,ella no trabaja en la escuela.,NANA KU'LA SAKA'TAPI'ÑI ÑINCHITUNAPIDEK'KEK,TRUE,,,,
F-0588,ella trabaja con alegría.,NANA SAKA'TAPALLI SAKEKSU',TRUE,,,,
F-0589,ellas no trabajan en la escuela.,NAWA'KU'LA SAKA'TAPI'ÑINA' ÑINCHITUNAPIDEK'KEK,TRUE,,,,
F-0590,ellas no trabajan con alegría.,NAWA'KU'LA SAKA'TAPI'ÑINA' SAKEKSU',TRUE,,,,
F-0591,ellas no trabajan todos los días.,NAWA'KU'LA SAKA'TAPI'ÑINA' IÑER' UKLLILUSA',TRUE,,,,
F-0592,ellos no trabajan en la casa.,NAWA'KU'LA SAKA'TAPI'ÑINA PIDEK'KEK,TRUE,,,,
F-0593,ellos no trabajan todos los días.,NAWA'KU'LA SAKA'TAPI'ÑINA IÑER' UKLLILUSA',TRUE,,,,
F-0594,ellos trabajan en la casa.,NAWA'SAKA'TAPALLINA PIDEK'KEK,TRUE,,,,
F-0595,ellos trabajan todos los días.,NAWA'SAKA'TAPALLINA IÑER' UKLLILUSA',TRUE,,,,
F-0596,la niña trabaja con alegría.,NANA WILA KUAPER SAKA'TAPALLI SAKEKSU',TRUE,,,,
F-0597,las niñas trabajan en la casa.,NANA WILA KUAPERLUSA' SAKA'TAPALLINA PIDEK'KEK,TRUE,,,,
F-0598,las niñas trabajan todos los días.,NANA WILA KUAPERLUSA' SAKA'TAPALLINA IÑER' UKLLILUSA',TRUE,,,,
F-0599,nosotras no trabajamos con alegría.,KUDA KU'LA SAKA'TAPI'ÑIDEK SAKEKSU',TRUE,,,,
F-0600,nosotras trabajamos todos los días.,KUDA SAKA'TAPALLIDEK IÑER' UKLLILUSA',TRUE,,,,
F-0601,nosotros no trabajamos con alegría.,KUDA KU'LA SAKA'TAPI'ÑIDEK SAKEKSU',TRUE,,,,
F-0602,nosotros no trabajamos en la casa.,KUDA KU'LA SAKA'TAPI'ÑIDEK PIDEK'KEK,TRUE,,,,
F-0603,tú no trabajas en la escuela.,KUDA KU'LA SAKA'TAPI'ÑIDEK ÑINCHITUNAPIDEK'KEK,TRUE,,,,
F-0604,tú trabajas todos los días.,KENMA SAKA'TAPALA IÑER'UKLLILUSA',TRUE,,,,
F-0605,ustedes no trabajan en la escuela.,KENMAMA KU'LA' SAKA'TAPI'NAMA' ÑINCHITUNAPIDEKEK,TRUE,,,,
F-0606,él no trabaja con alegría.,NANA KU'LA' SAKA'TAPI'ÑI SAKEKSU',TRUE,,,,
F-0607,el niño no ve el sol.,NANA WILA KU'LA' LLIAPI'ÑI KEK'KI,TRUE,,,,
F-0608,el niño no ve a sus amigos.,NANA WILA KU'LA' LLIAPI'ÑI EKKUANENLU'SA',TRUE,,,,
F-0609,el niño ve a sus amigos.,NANA WILA LLIA'PALLI EKKUANENLU'SA',TRUE,,,,
F-0610,ella ve a sus amigos.,NANA LLIA'PALLI EKKUANENLU'SA',TRUE,,,,
F-0611,las niñas no ven el sol.,NANA WILA'KU'APERLU'SA' KU'LA' LLIAPI'ÑI'NA' KEK'KI,TRUE,,,,
F-0612,los niños no ven el sol.,NANA WILA'KU'APERLU'SA' KU'LA' LLIAPI'ÑI'NA' KEK'KI,TRUE,,,,
F-0613,los niños no ven a sus amigos.,NANA WILA'LU'SA' KU'LA' LLIAPI'ÑI'NA' PATU'NENLU'SA',TRUE,,,,
F-0614,los niños ven a sus amigos.,NANA WILA'LU'SA LLIAPI'ÑI'NA' PATU'NENLU'SA',TRUE,,,,
F-0615,nosotras vemos una película.,KUDA LLI'APALLIDEK ALA'SA' PILLICU'LA',TRUE,,,,
F-0616,nosotros no vemos a sus amigos.,KUDA KU'LA' LLI'APIÑIDEK PATU'NENLU'SA',TRUE,,,,
F-0617,tú ves una película.,KENMA LLI'APA'LA' ALA'SA' PILLICU'LA',TRUE,,,,
F-0618,yo no veo a sus amigos.,KUA KU'LA' LLI'API'NEK PATU'NENLU'SA,TRUE,,,,
F-0619,él no ve el sol.,NANA KU'LA' LLI'API'ÑI KEK'KI' ,TRUE,,,,
F-0620,el niño no viaja a la ciudad.,NANA WILA KU'LA' PA'API'ÑI ÑINANLUK,TRUE,,,,
F-0621,ella viaja al campo.,NANA PALLI' MENMIK,TRUE,,,,
F-0622,ella viaja por las noches.,NANA PALLI' DEKPILLILU'SA',TRUE,,,,
F-0623,ellas viajan a la ciudad.,NAWA' PA'LLINA' ÑINANLUK,TRUE,,,,
F-0624,ellas no viajan al campo.,NAWA' KU'LA' PAI'ÑINA' MENMIK,TRUE,,,,
F-0625,ellos no viajan por las noches.,NAWA' KU'LA' PA'API'ÑINA' DEKPILLI' LUSA',TRUE,,,,
F-0626,ellos no viajan con su familia.,NAWA' KU'LA' PA'API'ÑINA' PATU'NENNA'LEK,TRUE,,,,
F-0627,la niña viaja al campo.,NANA WILA KUAPER PA'LLI MENMIK,TRUE,,,,
F-0628,la niña viaja por las noches.,NANA WILA KUAPER PA'LLI DEKPILLI'LUSA',TRUE,,,,
F-0629,la niña no viaja al campo.,NANA WILA KUAPER KU'LA PA'IÑI MENMIK,TRUE,,,,
F-0630,las niñas viajan con su familia.,NANA WILA KUAPERLUSA' PA'LLINA PATUNEN'LEK,TRUE,,,,
F-0631,los niños viajan por las noches.,NANA WILALUSA' PA'LLINA DEKPILLI'LUSA',TRUE,,,,
F-0632,nosotras no viajamos por las noches.,KUDA KU'LA PA'APIÑIDEK DEKPILLI'LUSA',TRUE,,,,
F-0633,nosotras no viajamos a la ciudad.,KUDA KU'LA PA'APIÑIDEK ÑINANLUK,TRUE,,,,
F-0634,nosotras no viajamos al campo.,KUDA KU'LA PA'APIÑIDEK MENMIK,TRUE,,,,
F-0635,nosotros viajamos con su familia.,KUDA PA'LLIDEK PATUNEN'LEK,TRUE,,,,
F-0636,nosotros viajamos al campo.,KUDA PA'LLIDEK MENMIK,TRUE,,,,
F-0637,nosotros viajamos a la ciudad.,KUDA PA'LLIDEK ÑINANLUK,TRUE,,,,
F-0638,tú no viajas por las noches.,KENMA KU'LA PA'APINA DEKPILLI'LUSA',TRUE,,,,
F-0639,ustedes viajan con su familia.,KENMAMA' PA'LAMA' PA'TUN'PENMA'LEK,TRUE,,,,
F-0640,ustedes viajan a la ciudad.,KENMAMA' PA'LAMA' ÑINANLUK,TRUE,,,,
F-0641,yo viajo con su familia.,KUA PA'APILALEK PATUNENLEK,TRUE,,,,
F-0642,yo no viajo al campo.,KUA KU'LA PA'INEK MENMIK,TRUE,,,,
F-0643,el niño vive en la ciudad.,NANA WILA NANPIPALLI ÑINANLUK,TRUE,,,,
F-0644,el niño vive en el campo.,NANA WILA NANPIPALLI MENMIK,TRUE,,,,
F-0645,ella vive en la casa.,NANA NANPIPALLI PIDEK'KEK,TRUE,,,,
F-0646,ellas viven en el campo.,NAWA'NANPI'PALLINA MENMIK,TRUE,,,,
F-0647,ellos no viven en el campo.,NAWA'KU'LA NANPI'PI'ÑINA MENMIK,TRUE,,,,
F-0648,la niña no vive en la casa.,NANA WILA KUAPER KU'LA NANPI'PI'ÑI PIDEK'KEK,TRUE,,,,
F-0649,las niñas viven en el campo.,NANA WILA KUAPERLUSA' NANPI'PALLINA MENMIK,TRUE,,,,
F-0650,las niñas viven en la ciudad.,NANA WILA KUAPERLUSA' NANPI'PALLINA ÑINANLUK,TRUE,,,,
F-0651,nosotras no vivimos en el campo.,KUDA KU'LA NANPI'PIÑIDEK MENMIK,TRUE,,,,
F-0652,nosotros vivimos en la casa.,KUDA NANPI'PALLIDEK PIDEK'KEK,TRUE,,,,
F-0653,nosotros no vivimos en el campo.,KUDA KU'LA NANPI'PIÑIDEK MENMIK,TRUE,,,,
F-0654,tú vives con tu familia.,KENMA NANPI'PALA PATUN'PENLEK,TRUE,,,,
F-0655,ustedes viven en el campo.,KENMAMA' NANPI'PALAMA' MENMIK,TRUE,,,,
F-0656,ustedes no viven en la casa.,KENMAMA' KU'LA NANPI'PINAMA' PIDEK'KEK,TRUE,,,,
F-0657,yo no vivo en el campo.,KUA KU'LA NANPI'PINEK MENMIK,TRUE,,,,
F-0658,yo no vivo con su familia.,KUA KU'LA NANPI'PINEK PATUNENLEK,TRUE,,,,
F-0659,yo no vivo en la casa.,KUA KU'LA NANPI'PINEK PIDEK'KEK,TRUE,,,,
F-0660,él no vive con su familia.,NANA KU'LA NANPI'PIÑI PATUNENLEK,TRUE,,,,